business_id,name,city,state,categories,stars,review_count,attributes,hours
g2eWutrVGyfytXepjTXznw,Sacred Grounds,Tampa,FL,"Arts & Entertainment, Food, Bakeries, Nightlife, Restaurants, Coffee & Tea, Music Venues",3.5,27,"{'WiFi': ""u'free'"", 'HasTV': 'True', 'Alcohol': ""u'none'"", 'Ambience': ""{'romantic': False, 'intimate': False, 'classy': False, 'hipster': True, 'divey': False, 'touristy': False, 'trendy': False, 'upscale': False, 'casual': False}"", 'NoiseLevel': ""u'average'"", 'BikeParking': 'True', 'GoodForKids': 'True', 'OutdoorSeating': 'True', 'BusinessParking': ""{'garage': False, 'street': False, 'validated': False, 'lot': True, 'valet': False}"", 'ByAppointmentOnly': 'False', 'RestaurantsTakeOut': 'False', 'RestaurantsDelivery': 'False', 'RestaurantsPriceRange2': '2', 'RestaurantsGoodForGroups': 'True', 'BusinessAcceptsCreditCards': 'True'}",
km-biOKD173NkcpWk_Wdng,The Well Coffeehouse,Brentwood,TN,"Bakeries, Coffee Roasteries, Restaurants, Sandwiches, Coffee & Tea, Food",4.5,185,"{'WiFi': ""'free'"", 'Caters': 'True', 'NoiseLevel': ""u'average'"", 'BikeParking': 'True', 'OutdoorSeating': 'True', 'BusinessParking': ""{'garage': True, 'street': True, 'validated': False, 'lot': False, 'valet': False}"", 'RestaurantsTakeOut': 'True', 'RestaurantsDelivery': 'True', 'WheelchairAccessible': 'True', 'RestaurantsPriceRange2': '2', 'BusinessAcceptsCreditCards': 'True'}","{'Friday': '6:0-18:0', 'Monday': '6:0-18:0', 'Sunday': '7:0-18:0', 'Tuesday': '6:0-18:0', 'Saturday': '7:0-18:0', 'Thursday': '6:0-18:0', 'Wednesday': '6:0-18:0'}"
gWiUCJEcv1lnZtMT_d2p5A,Dunkin',Tucson,AZ,"Restaurants, Donuts, Food, Coffee & Tea",3.0,103,"{'WiFi': ""'free'"", 'Caters': 'False', 'DriveThru': 'None', 'BikeParking': 'True', 'OutdoorSeating': 'True', 'BusinessParking': ""{'garage': False, 'street': False, 'validated': False, 'lot': True, 'valet': False}"", 'RestaurantsTakeOut': 'True', 'RestaurantsDelivery': 'True', 'RestaurantsPriceRange2': '1', 'BusinessAcceptsCreditCards': 'True'}","{'Friday': '0:0-0:0', 'Monday': '0:0-0:0', 'Sunday': '0:0-0:0', 'Tuesday': '0:0-0:0', 'Saturday': '0:0-0:0', 'Thursday': '0:0-0:0', 'Wednesday': '0:0-0:0'}"
MoSyhSKj62gqBJyR_e5kIA,McDonald's,New Orleans,LA,"Fast Food, Coffee & Tea, Food, Restaurants, Burgers",1.5,45,"{'WiFi': ""'free'"", 'HasTV': 'True', 'Caters': 'False', 'Alcohol': ""'none'"", 'Ambience': ""{'romantic': False, 'intimate': False, 'classy': False, 'hipster': False, 'divey': False, 'touristy': False, 'trendy': False, 'upscale': False, 'casual': False}"", 'DriveThru': 'True', 'NoiseLevel': ""'quiet'"", 'BikeParking': 'True', 'GoodForKids': 'True', 'GoodForMeal': ""{'dessert': False, 'latenight': False, 'lunch': False, 'dinner': False, 'brunch': False, 'breakfast': False}"", 'OutdoorSeating': 'False', 'BusinessParking': ""{'garage': False, 'street': False, 'validated': False, 'lot': True, 'valet': False}"", 'RestaurantsAttire': ""'casual'"", 'RestaurantsTakeOut': 'True', 'RestaurantsDelivery': 'True', 'RestaurantsPriceRange2': '1', 'RestaurantsReservations': 'False', 'RestaurantsTableService': 'True', 'RestaurantsGoodForGroups': 'True', 'BusinessAcceptsCreditCards': 'True'}","{'Friday': '0:0-0:0', 'Monday': '0:0-0:0', 'Sunday': '0:0-0:0', 'Tuesday': '0:0-0:0', 'Saturday': '0:0-0:0', 'Thursday': '0:0-0:0', 'Wednesday': '0:0-0:0'}"
fM6XQeGW70a4EFbjqAAy3Q,SugarBowl,Edmonton,AB,"Juice Bars & Smoothies, American (New), Cafes, Food, Comfort Food, Desserts, Restaurants, Canadian (New), Coffee & Tea, Breakfast & Brunch",4.0,435,"{'WiFi': ""u'free'"", 'HasTV': 'True', 'Caters': 'False', 'Alcohol': ""u'full_bar'"", 'Ambience': ""{u'hipster': True, u'casual': True, u'touristy': False, u'trendy': None, u'intimate': False, u'romantic': False, u'classy': True, u'upscale': False}"", 'HappyHour': 'True', 'NoiseLevel': ""u'loud'"", 'BikeParking': 'True', 'GoodForKids': 'True', 'GoodForMeal': ""{u'breakfast': None, u'brunch': True, u'lunch': True, u'dinner': True, u'latenight': None, u'dessert': None}"", 'OutdoorSeating': 'True', 'BusinessParking': ""{'garage': False, 'street': True, 'validated': False, 'lot': True, 'valet': False}"", 'RestaurantsAttire': ""u'casual'"", 'RestaurantsTakeOut': 'None', 'RestaurantsDelivery': 'None', 'RestaurantsPriceRange2': '2', 'RestaurantsReservations': 'False', 'RestaurantsTableService': 'True', 'RestaurantsGoodForGroups': 'True'}","{'Friday': '8:0-1:0', 'Monday': '8:0-0:0', 'Sunday': '8:0-0:0', 'Tuesday': '8:0-0:0', 'Saturday': '8:0-1:0', 'Thursday': '8:0-0:0', 'Wednesday': '8:0-0:0'}"
mJbTRr_AJ8rDG78L8Min9w,White Horse Coffee & Creamery,Jenkintown,PA,"Food, Coffee & Tea, Bakeries, Ice Cream & Frozen Yogurt, Juice Bars & Smoothies",4.5,64,"{'WiFi': ""'free'"", 'Caters': 'True', 'OutdoorSeating': 'True', 'BusinessParking': ""{'garage': False, 'street': True, 'validated': False, 'lot': False, 'valet': False}"", 'ByAppointmentOnly': 'False', 'RestaurantsTakeOut': 'True', 'RestaurantsPriceRange2': '2', 'BusinessAcceptsCreditCards': 'True'}","{'Friday': '7:0-17:0', 'Monday': '7:0-17:0', 'Sunday': '9:0-17:0', 'Tuesday': '7:0-17:0', 'Saturday': '8:0-18:0', 'Thursday': '7:0-17:0', 'Wednesday': '7:0-17:0'}"
IG1MLst7GcptliBDES8ycw,Wild Earth Bakery & Café,St Albert,AB,"Bakeries, Coffee & Tea, Restaurants, Food, Cafes",3.5,77,"{'WiFi': ""'no'"", 'HasTV': 'True', 'Caters': 'True', 'Alcohol': ""u'none'"", 'Ambience': ""{'touristy': False, 'hipster': False, 'romantic': False, 'intimate': False, 'trendy': False, 'upscale': False, 'classy': False, 'casual': True}"", 'NoiseLevel': ""u'average'"", 'BikeParking': 'True', 'GoodForKids': 'True', 'GoodForMeal': ""{'dessert': True, 'latenight': False, 'lunch': False, 'dinner': False, 'brunch': True, 'breakfast': True}"", 'OutdoorSeating': 'True', 'BusinessParking': ""{'garage': False, 'street': True, 'validated': False, 'lot': True, 'valet': False}"", 'RestaurantsAttire': ""'casual'"", 'RestaurantsTakeOut': 'True', 'RestaurantsDelivery': 'False', 'RestaurantsPriceRange2': '2', 'RestaurantsReservations': 'False', 'RestaurantsGoodForGroups': 'True'}","{'Friday': '6:0-22:30', 'Monday': '6:0-21:0', 'Sunday': '7:0-21:0', 'Tuesday': '6:0-21:0', 'Saturday': '7:0-21:0', 'Thursday': '6:0-21:0', 'Wednesday': '6:0-21:0'}"
C9C-JQOdb5iywv7MzBiUVw,Starbucks,Philadelphia,PA,"Coffee & Tea, Food",3.0,10,"{'WiFi': ""'free'"", 'BikeParking': 'True', 'OutdoorSeating': 'True', 'BusinessParking': ""{'garage': False, 'street': False, 'validated': False, 'lot': False, 'valet': False}"", 'RestaurantsTakeOut': 'True', 'RestaurantsPriceRange2': '1', 'BusinessAcceptsCreditCards': 'True'}","{'Friday': '7:0-14:30', 'Monday': '0:0-0:0', 'Tuesday': '7:0-14:30', 'Thursday': '7:0-14:30', 'Wednesday': '7:0-14:30'}"
niV3iDWcxuKFOJr3qWp9pQ,Starbucks,Tampa,FL,"Coffee & Tea, Food",3.0,96,"{'WiFi': ""u'free'"", 'Caters': 'False', 'Alcohol': ""'none'"", 'BikeParking': 'True', 'OutdoorSeating': 'True', 'BusinessParking': ""{'garage': False, 'street': False, 'validated': False, 'lot': True, 'valet': False}"", 'RestaurantsTakeOut': 'True', 'RestaurantsDelivery': 'False', 'RestaurantsPriceRange2': '2', 'BusinessAcceptsCreditCards': 'True'}","{'Friday': '5:0-22:0', 'Monday': '5:0-21:30', 'Sunday': '5:0-22:0', 'Tuesday': '5:0-21:30', 'Saturday': '5:0-22:0', 'Thursday': '5:0-21:30', 'Wednesday': '5:0-21:30'}"
p3qatJIq6b8Gd_k7hwpHOg,McDonald's,Lebanon,TN,"Restaurants, Burgers, Coffee & Tea, Fast Food, Food",1.5,21,"{'WiFi': ""u'free'"", 'HasTV': 'True', 'Caters': 'False', 'Alcohol': ""u'none'"", 'Ambience': ""{'romantic': False, 'intimate': False, 'touristy': False, 'hipster': False, 'divey': False, 'classy': False, 'trendy': False, 'upscale': False, 'casual': True}"", 'DriveThru': 'True', 'NoiseLevel': ""u'average'"", 'GoodForKids': 'True', 'GoodForMeal': ""{'dessert': False, 'latenight': True, 'lunch': True, 'dinner': True, 'brunch': False, 'breakfast': True}"", 'OutdoorSeating': 'False', 'BusinessParking': ""{'garage': False, 'street': False, 'validated': False, 'lot': True, 'valet': False}"", 'RestaurantsAttire': ""u'casual'"", 'RestaurantsTakeOut': 'True', 'RestaurantsDelivery': 'True', 'RestaurantsPriceRange2': '1', 'RestaurantsReservations': 'False', 'RestaurantsGoodForGroups': 'True', 'BusinessAcceptsCreditCards': 'True'}","{'Friday': '5:0-2:0', 'Monday': '5:0-1:0', 'Sunday': '5:0-1:0', 'Tuesday': '5:0-1:0', 'Saturday': '5:0-2:0', 'Thursday': '5:0-1:0', 'Wednesday': '5:0-1:0'}"
1AJHVnRGxTWNMaFbIUbWcg,Starbucks,Edmonton,AB,"Coffee & Tea, Food",2.5,9,"{'WiFi': ""'free'"", 'DriveThru': 'True', 'BikeParking': 'True', 'OutdoorSeating': 'True', 'BusinessParking': ""{'garage': False, 'street': False, 'validated': False, 'lot': True, 'valet': False}"", 'RestaurantsTakeOut': 'True', 'RestaurantsDelivery': 'True', 'RestaurantsPriceRange2': '2'}","{'Friday': '6:0-22:0', 'Monday': '6:0-22:0', 'Sunday': '7:0-21:0', 'Tuesday': '6:0-22:0', 'Saturday': '7:0-22:0', 'Thursday': '6:0-22:0', 'Wednesday': '6:0-22:0'}"
FKcQbzeClxbTAnAVJXx__w,McDonald's,Trinity,FL,"Fast Food, Restaurants, Food, Coffee & Tea, Burgers",2.0,23,"{'WiFi': ""'free'"", 'HasTV': 'True', 'Caters': 'False', 'Alcohol': ""'none'"", 'Ambience': ""{'romantic': False, 'intimate': False, 'classy': False, 'hipster': False, 'divey': False, 'touristy': False, 'trendy': False, 'upscale': False, 'casual': False}"", 'DriveThru': 'True', 'NoiseLevel': ""'quiet'"", 'BikeParking': 'False', 'GoodForKids': 'True', 'GoodForMeal': ""{'dessert': False, 'latenight': False, 'lunch': False, 'dinner': False, 'brunch': False, 'breakfast': False}"", 'OutdoorSeating': 'False', 'BusinessParking': ""{'garage': False, 'street': False, 'validated': False, 'lot': False, 'valet': False}"", 'RestaurantsAttire': ""'casual'"", 'RestaurantsTakeOut': 'True', 'RestaurantsDelivery': 'True', 'RestaurantsPriceRange2': '1', 'RestaurantsReservations': 'False', 'RestaurantsTableService': 'False', 'RestaurantsGoodForGroups': 'True', 'BusinessAcceptsCreditCards': 'True'}","{'Friday': '0:0-0:0', 'Monday': '0:0-0:0', 'Sunday': '0:0-0:0', 'Tuesday': '0:0-0:0', 'Saturday': '0:0-0:0', 'Thursday': '0:0-0:0', 'Wednesday': '0:0-0:0'}"
KVamI4hQmsT-r91PmCPh6w,Donut Freak,Saint Petersburg,FL,"Bakeries, Restaurants, Coffee & Tea, Breakfast & Brunch, Food, Donuts",4.0,17,"{'WiFi': ""u'free'"", 'Caters': 'True', 'BikeParking': 'True', 'BusinessParking': ""{'garage': True, 'street': True, 'validated': False, 'lot': False, 'valet': False}"", 'RestaurantsTakeOut': 'True', 'WheelchairAccessible': 'True', 'BusinessAcceptsBitcoin': 'True', 'RestaurantsPriceRange2': '2', 'RestaurantsReservations': 'False', 'RestaurantsGoodForGroups': 'True', 'BusinessAcceptsCreditCards': 'True'}","{'Friday': '7:0-14:0', 'Sunday': '7:0-14:0', 'Tuesday': '7:0-14:0', 'Saturday': '7:0-14:0', 'Thursday': '7:0-14:0', 'Wednesday': '7:0-14:0'}"
R6IRHj65pEE-YJHVudBuVQ,Starbucks,Reno,NV,"Food, Coffee & Tea",2.5,77,"{'WiFi': ""'free'"", 'Caters': 'False', 'BikeParking': 'True', 'DogsAllowed': 'False', 'OutdoorSeating': 'True', 'BusinessParking': ""{'garage': False, 'street': False, 'validated': False, 'lot': True, 'valet': False}"", 'RestaurantsTakeOut': 'True', 'RestaurantsPriceRange2': '2', 'BusinessAcceptsCreditCards': 'True'}","{'Friday': '5:0-19:0', 'Monday': '5:0-19:0', 'Sunday': '5:30-19:0', 'Tuesday': '5:0-19:0', 'Saturday': '5:30-19:0', 'Thursday': '5:0-19:0', 'Wednesday': '5:0-19:0'}"
OHFLSDbEZAP65Cl0lHfmqg,7-Eleven,Philadelphia,PA,"Coffee & Tea, Convenience Stores, Food",3.0,6,"{'WiFi': ""u'free'"", 'Caters': 'False', 'BikeParking': 'True', 'BusinessParking': ""{'garage': False, 'street': True, 'validated': False, 'lot': False, 'valet': False}"", 'RestaurantsTakeOut': 'True', 'RestaurantsDelivery': 'True', 'WheelchairAccessible': 'True', 'RestaurantsPriceRange2': '1', 'BusinessAcceptsCreditCards': 'True'}","{'Friday': '0:0-0:0', 'Monday': '0:0-0:0', 'Sunday': '0:0-0:0', 'Tuesday': '0:0-0:0', 'Saturday': '0:0-0:0', 'Thursday': '0:0-0:0', 'Wednesday': '0:0-0:0'}"
VTOeRnkozjB4wLJhWhS3BA,McDonald's,Brandon,FL,"Restaurants, Food, Coffee & Tea, Fast Food, Burgers",2.0,32,"{'WiFi': ""'free'"", 'HasTV': 'True', 'Alcohol': ""u'none'"", 'Ambience': ""{'touristy': False, 'hipster': False, 'romantic': False, 'divey': False, 'intimate': False, 'trendy': False, 'upscale': False, 'classy': False, 'casual': False}"", 'DriveThru': 'True', 'BikeParking': 'False', 'GoodForKids': 'True', 'GoodForMeal': ""{'dessert': False, 'latenight': False, 'lunch': False, 'dinner': False, 'brunch': False, 'breakfast': False}"", 'OutdoorSeating': 'False', 'BusinessParking': ""{'garage': False, 'street': False, 'validated': False, 'lot': False, 'valet': False}"", 'RestaurantsAttire': ""'casual'"", 'RestaurantsTakeOut': 'True', 'RestaurantsDelivery': 'True', 'RestaurantsPriceRange2': '1', 'RestaurantsReservations': 'False', 'RestaurantsGoodForGroups': 'True', 'BusinessAcceptsCreditCards': 'True'}","{'Friday': '0:0-0:0', 'Monday': '0:0-0:0', 'Sunday': '0:0-0:0', 'Tuesday': '0:0-0:0', 'Saturday': '0:0-0:0', 'Thursday': '0:0-0:0', 'Wednesday': '0:0-0:0'}"
FRBGjZKVmKqcyFb7XQCjXA,Fill A Bagel & Breads - Oreland,Oreland,PA,"Coffee & Tea, Bagels, Delis, Food, Restaurants",4.0,56,"{'BYOB': 'False', 'WiFi': ""u'no'"", 'HasTV': 'False', 'Caters': 'True', 'Alcohol': ""u'none'"", 'Ambience': ""{'romantic': False, 'intimate': False, 'classy': False, 'hipster': False, 'divey': False, 'touristy': False, 'trendy': False, 'upscale': False, 'casual': False}"", 'NoiseLevel': ""u'quiet'"", 'BikeParking': 'True', 'GoodForKids': 'True', 'GoodForMeal': ""{'dessert': False, 'latenight': False, 'lunch': False, 'dinner': False, 'brunch': False, 'breakfast': True}"", 'OutdoorSeating': 'True', 'BusinessParking': ""{'garage': False, 'street': False, 'validated': False, 'lot': True, 'valet': False}"", 'ByAppointmentOnly': 'False', 'RestaurantsAttire': ""'casual'"", 'RestaurantsTakeOut': 'True', 'RestaurantsDelivery': 'False', 'WheelchairAccessible': 'True', 'RestaurantsPriceRange2': '1', 'RestaurantsReservations': 'False', 'RestaurantsTableService': 'False', 'RestaurantsGoodForGroups': 'True', 'BusinessAcceptsCreditCards': 'True'}","{'Friday': '6:30-15:0', 'Monday': '6:30-15:0', 'Sunday': '7:0-13:0', 'Tuesday': '6:30-15:0', 'Saturday': '7:0-15:0', 'Thursday': '6:30-15:0', 'Wednesday': '6:30-15:0'}"
JRBfLvTRf8umVgq7ZSOm9Q,Cosmic Coffee,Reno,NV,"Food, Coffee & Tea",4.0,14,"{'WiFi': ""u'free'"", 'OutdoorSeating': 'False', 'RestaurantsPriceRange2': '1', 'BusinessAcceptsCreditCards': 'True'}","{'Friday': '6:30-14:0', 'Monday': '6:30-14:0', 'Tuesday': '6:30-14:0', 'Thursday': '6:30-14:0', 'Wednesday': '6:30-14:0'}"
uIFRFef7l43YxA8G3dU6Tg,Mayflower Bakery & Cafe,Philadelphia,PA,"Restaurants, Food, Bakeries, Coffee & Tea, Desserts",4.5,125,"{'WiFi': ""u'free'"", 'Caters': 'False', 'BikeParking': 'True', 'DogsAllowed': 'False', 'OutdoorSeating': 'False', 'BusinessParking': ""{'garage': False, 'street': True, 'validated': False, 'lot': False, 'valet': False}"", 'RestaurantsTakeOut': 'True', 'RestaurantsDelivery': 'False', 'WheelchairAccessible': 'False', 'BusinessAcceptsBitcoin': 'False', 'RestaurantsPriceRange2': '1', 'BusinessAcceptsCreditCards': 'False'}","{'Friday': '7:0-20:30', 'Monday': '7:0-20:30', 'Sunday': '7:0-20:30', 'Tuesday': '7:0-20:30', 'Saturday': '7:0-20:30', 'Thursday': '7:0-20:30', 'Wednesday': '7:0-20:30'}"
68KD674p59qJj4DX6NuTzQ,Dunkin',Philadelphia,PA,"Food, Coffee & Tea, Donuts",1.0,6,"{'WiFi': ""u'free'"", 'DriveThru': 'None', 'RestaurantsTakeOut': 'True', 'RestaurantsDelivery': 'None', 'RestaurantsPriceRange2': '1'}","{'Friday': '0:0-0:0', 'Monday': '0:0-0:0', 'Sunday': '0:0-0:0', 'Tuesday': '0:0-0:0', 'Saturday': '0:0-0:0', 'Thursday': '0:0-0:0', 'Wednesday': '0:0-0:0'}"
1v5n-Sb3HW_2Uhaq1X1PdQ,McDonald's,Gulfport,FL,"Restaurants, Burgers, Fast Food, Coffee & Tea, Food",1.5,32,"{'WiFi': ""u'free'"", 'HasTV': 'True', 'Caters': 'False', 'Alcohol': ""u'none'"", 'Ambience': ""{'romantic': False, 'intimate': False, 'touristy': False, 'hipster': False, 'divey': False, 'classy': False, 'trendy': False, 'upscale': False, 'casual': False}"", 'DriveThru': 'True', 'NoiseLevel': ""u'average'"", 'BikeParking': 'True', 'GoodForKids': 'True', 'OutdoorSeating': 'True', 'BusinessParking': ""{'garage': False, 'street': False, 'validated': False, 'lot': False, 'valet': False}"", 'RestaurantsAttire': ""u'casual'"", 'RestaurantsTakeOut': 'True', 'RestaurantsDelivery': 'True', 'RestaurantsPriceRange2': '1', 'RestaurantsReservations': 'False', 'RestaurantsGoodForGroups': 'True', 'BusinessAcceptsCreditCards': 'True'}","{'Friday': '4:0-0:0', 'Monday': '4:0-0:0', 'Sunday': '0:0-0:0', 'Tuesday': '4:0-0:0', 'Saturday': '0:0-0:0', 'Thursday': '4:0-0:0', 'Wednesday': '4:0-0:0'}"
84fKFTKnYwc8PijJdMkkLQ,7-Eleven,Carpinteria,CA,"Coffee & Tea, Gas Stations, Automotive, Food, Grocery, Gas Stations, Service Stations, Convenience Stores",2.5,23,"{'Caters': 'False', 'BikeParking': 'True', 'BusinessParking': ""{'garage': False, 'street': False, 'validated': False, 'lot': True, 'valet': False}"", 'RestaurantsTakeOut': 'True', 'RestaurantsDelivery': 'True', 'WheelchairAccessible': 'True', 'RestaurantsPriceRange2': '1', 'BusinessAcceptsCreditCards': 'True'}","{'Friday': '0:0-0:0', 'Monday': '0:0-0:0', 'Sunday': '0:0-0:0', 'Tuesday': '0:0-0:0', 'Saturday': '0:0-0:0', 'Thursday': '0:0-0:0', 'Wednesday': '0:0-0:0'}"
7GCH0wxXHJrcqSkpKuAYxw,Mo'Joe Coffeehouse,Indianapolis,IN,"Coffee & Tea, Food, Nightlife, Bars",3.5,145,"{'WiFi': ""u'free'"", 'HasTV': 'False', 'Music': ""{'dj': False, 'background_music': False, 'no_music': False, 'jukebox': False, 'live': False, 'video': False, 'karaoke': False}"", 'Caters': 'False', 'Alcohol': ""'none'"", 'Ambience': ""{'touristy': False, 'hipster': True, 'romantic': False, 'divey': False, 'intimate': False, 'trendy': False, 'upscale': False, 'classy': False, 'casual': True}"", 'CoatCheck': 'False', 'HappyHour': 'False', 'BestNights': ""{'monday': False, 'tuesday': False, 'friday': True, 'wednesday': True, 'thursday': False, 'sunday': False, 'saturday': True}"", 'NoiseLevel': ""u'average'"", 'BikeParking': 'True', 'GoodForDancing': 'False', 'OutdoorSeating': 'True', 'BusinessParking': ""{'garage': False, 'street': False, 'validated': False, 'lot': True, 'valet': False}"", 'RestaurantsTakeOut': 'True', 'RestaurantsDelivery': 'False', 'RestaurantsPriceRange2': '1', 'RestaurantsReservations': 'False', 'RestaurantsGoodForGroups': 'True', 'BusinessAcceptsCreditCards': 'True'}","{'Friday': '6:30-22:0', 'Monday': '6:30-22:0', 'Sunday': '8:0-20:0', 'Tuesday': '6:30-22:0', 'Saturday': '8:0-22:0', 'Thursday': '6:30-22:0', 'Wednesday': '6:30-22:0'}"
tDbF0IWQq-mHPi7OBla6eg,McDonald's,Mt Juliet,TN,"Restaurants, Food, Coffee & Tea, Burgers, Fast Food",2.5,10,"{'WiFi': ""u'free'"", 'HasTV': 'True', 'Alcohol': ""'none'"", 'Ambience': ""{'romantic': False, 'intimate': False, 'classy': False, 'hipster': False, 'divey': False, 'touristy': False, 'trendy': False, 'upscale': False, 'casual': False}"", 'DriveThru': 'True', 'NoiseLevel': ""u'average'"", 'BikeParking': 'False', 'GoodForKids': 'True', 'OutdoorSeating': 'False', 'BusinessParking': ""{'garage': False, 'street': False, 'validated': False, 'lot': False, 'valet': False}"", 'RestaurantsAttire': ""'casual'"", 'RestaurantsTakeOut': 'True', 'RestaurantsDelivery': 'True', 'RestaurantsPriceRange2': '1', 'RestaurantsReservations': 'False', 'RestaurantsGoodForGroups': 'True', 'BusinessAcceptsCreditCards': 'True'}","{'Friday': '5:0-0:0', 'Monday': '5:0-23:0', 'Sunday': '5:0-0:0', 'Tuesday': '5:0-23:0', 'Saturday': '5:0-0:0', 'Thursday': '5:0-23:0', 'Wednesday': '5:0-23:0'}"
nKGHbVaymrq2xjMM9mxydg,Cups and Cones,Evesham Township,NJ,"Food, Desserts, Ice Cream & Frozen Yogurt, Custom Cakes, Coffee & Tea, Juice Bars & Smoothies",4.5,57,"{'WiFi': ""u'free'"", 'Caters': 'False', 'DriveThru': 'False', 'NoiseLevel': ""u'average'"", 'BikeParking': 'True', 'DogsAllowed': 'True', 'GoodForKids': 'True', 'OutdoorSeating': 'True', 'BusinessParking': ""{'garage': False, 'street': False, 'validated': False, 'lot': True, 'valet': False}"", 'ByAppointmentOnly': 'False', 'RestaurantsTakeOut': 'True', 'RestaurantsDelivery': 'True', 'WheelchairAccessible': 'True', 'RestaurantsPriceRange2': '2', 'BusinessAcceptsCreditCards': 'False'}",{'Monday': '0:0-0:0'}
y9WUY6Gh3GcVqtXkDre3fA,McDonald's,Mount Laurel,NJ,"Restaurants, Burgers, Fast Food, Coffee & Tea, Food",3.0,13,"{'WiFi': ""u'free'"", 'HasTV': 'True', 'Caters': 'False', 'Alcohol': ""u'none'"", 'Ambience': ""{'romantic': False, 'intimate': False, 'touristy': False, 'hipster': False, 'divey': False, 'classy': False, 'trendy': False, 'upscale': False, 'casual': False}"", 'DriveThru': 'True', 'NoiseLevel': ""u'average'"", 'GoodForKids': 'True', 'GoodForMeal': ""{'dessert': False, 'latenight': False, 'lunch': False, 'dinner': False, 'brunch': False, 'breakfast': False}"", 'OutdoorSeating': 'False', 'BusinessParking': ""{'garage': False, 'street': False, 'validated': False, 'lot': False, 'valet': False}"", 'RestaurantsAttire': ""u'casual'"", 'RestaurantsTakeOut': 'True', 'RestaurantsDelivery': 'True', 'RestaurantsPriceRange2': '1', 'RestaurantsReservations': 'False', 'RestaurantsTableService': 'False', 'RestaurantsGoodForGroups': 'True', 'BusinessAcceptsCreditCards': 'True'}","{'Friday': '5:30-0:0', 'Monday': '5:30-0:0', 'Sunday': '5:30-0:0', 'Tuesday': '5:30-0:0', 'Saturday': '5:30-0:0', 'Thursday': '5:30-0:0', 'Wednesday': '5:30-0:0'}"
7Z2Xr8yowbTILokoXQGU0w,Cup Grinders,Philadelphia,PA,"Grocery, Coffee & Tea, Food",5.0,6,"{'WiFi': ""'no'"", 'Caters': 'False', 'Alcohol': ""u'none'"", 'BikeParking': 'True', 'DogsAllowed': 'False', 'OutdoorSeating': 'False', 'BusinessParking': ""{'garage': False, 'street': False, 'validated': False, 'lot': True, 'valet': False}"", 'RestaurantsTakeOut': 'True', 'RestaurantsDelivery': 'True', 'WheelchairAccessible': 'True', 'BusinessAcceptsBitcoin': 'False', 'RestaurantsPriceRange2': '1', 'BusinessAcceptsCreditCards': 'True'}","{'Friday': '9:0-18:0', 'Monday': '9:0-18:0', 'Sunday': '10:0-17:0', 'Tuesday': '9:0-18:0', 'Saturday': '9:0-18:0', 'Thursday': '9:0-18:0', 'Wednesday': '9:0-18:0'}"
rZd29McH59UhpsXfDXf_Lg,Dulce Cafe Tacos & More,Tampa,FL,"Bakeries, Restaurants, Food, Desserts, Coffee & Tea, Spanish, Mexican, Ice Cream & Frozen Yogurt",4.0,11,"{'WiFi': ""u'free'"", 'HasTV': 'True', 'Caters': 'True', 'Alcohol': ""u'beer_and_wine'"", 'Ambience': ""{'romantic': False, 'intimate': False, 'classy': False, 'hipster': False, 'divey': False, 'touristy': False, 'trendy': False, 'upscale': False, 'casual': False}"", 'NoiseLevel': ""u'average'"", 'GoodForKids': 'True', 'OutdoorSeating': 'True', 'BusinessParking': ""{'garage': False, 'street': False, 'validated': False, 'lot': True, 'valet': False}"", 'RestaurantsAttire': ""'casual'"", 'RestaurantsTakeOut': 'True', 'RestaurantsDelivery': 'True', 'BusinessAcceptsBitcoin': 'False', 'RestaurantsPriceRange2': '2', 'RestaurantsReservations': 'False', 'RestaurantsGoodForGroups': 'True', 'BusinessAcceptsCreditCards': 'True'}","{'Friday': '11:0-20:0', 'Monday': '11:0-20:0', 'Tuesday': '11:0-20:0', 'Saturday': '11:0-20:0', 'Thursday': '11:0-20:0', 'Wednesday': '11:0-20:0'}"
3n2FIVhxAjG6fjju4wdzXw,The Bean Gallery,New Orleans,LA,"Coffee & Tea, Breakfast & Brunch, Restaurants, Bagels, Food",4.0,181,"{'BYOB': 'False', 'WiFi': ""u'free'"", 'HasTV': 'True', 'Caters': 'False', 'Alcohol': ""'none'"", 'Ambience': ""{'romantic': False, 'intimate': False, 'classy': False, 'hipster': False, 'divey': False, 'touristy': False, 'trendy': False, 'upscale': False, 'casual': True}"", 'NoiseLevel': ""'average'"", 'BikeParking': 'True', 'GoodForKids': 'True', 'GoodForMeal': ""{'dessert': True, 'latenight': False, 'lunch': True, 'dinner': False, 'brunch': False, 'breakfast': True}"", 'OutdoorSeating': 'True', 'BusinessParking': ""{'garage': False, 'street': True, 'validated': False, 'lot': False, 'valet': False}"", 'RestaurantsAttire': ""u'casual'"", 'RestaurantsTakeOut': 'True', 'RestaurantsDelivery': 'False', 'WheelchairAccessible': 'True', 'RestaurantsPriceRange2': '1', 'RestaurantsReservations': 'False', 'RestaurantsTableService': 'False', 'RestaurantsGoodForGroups': 'True', 'BusinessAcceptsCreditCards': 'True'}","{'Friday': '6:30-22:0', 'Monday': '6:30-0:0', 'Sunday': '6:30-0:0', 'Tuesday': '6:30-0:0', 'Saturday': '6:30-22:0', 'Thursday': '6:30-0:0', 'Wednesday': '6:30-0:0'}"
y5fT2Nx49cWtmQTJzkphmg,McDonald's,Boise,ID,"Food, Fast Food, Coffee & Tea, Burgers, Restaurants",2.5,16,"{'WiFi': ""u'free'"", 'HasTV': 'True', 'Ambience': ""{'touristy': False, 'hipster': False, 'romantic': False, 'divey': False, 'intimate': False, 'trendy': False, 'upscale': False, 'classy': False, 'casual': False}"", 'DriveThru': 'True', 'BikeParking': 'True', 'GoodForKids': 'True', 'GoodForMeal': ""{'dessert': False, 'latenight': False, 'lunch': False, 'dinner': False, 'brunch': False, 'breakfast': False}"", 'OutdoorSeating': 'None', 'BusinessParking': ""{'garage': False, 'street': False, 'validated': False, 'lot': False, 'valet': False}"", 'RestaurantsAttire': ""'casual'"", 'RestaurantsTakeOut': 'True', 'RestaurantsDelivery': 'True', 'RestaurantsPriceRange2': '1', 'RestaurantsReservations': 'False', 'RestaurantsGoodForGroups': 'True', 'BusinessAcceptsCreditCards': 'True'}","{'Friday': '5:30-0:0', 'Monday': '5:30-0:0', 'Sunday': '6:30-0:0', 'Tuesday': '5:30-0:0', 'Saturday': '5:30-0:0', 'Thursday': '5:30-0:0', 'Wednesday': '5:30-0:0'}"
h696v2N0hcOOdsg1ebt5Ig,McDonald's,Philadelphia,PA,"Coffee & Tea, Food, Fast Food, Restaurants, Burgers",1.0,49,"{'WiFi': ""u'no'"", 'HasTV': 'True', 'Caters': 'False', 'Alcohol': ""u'none'"", 'Ambience': ""{'touristy': False, 'hipster': False, 'romantic': False, 'divey': False, 'intimate': False, 'trendy': False, 'upscale': False, 'classy': False, 'casual': False}"", 'DriveThru': 'False', 'BikeParking': 'False', 'GoodForKids': 'True', 'GoodForMeal': ""{'dessert': False, 'latenight': False, 'lunch': False, 'dinner': False, 'brunch': False, 'breakfast': False}"", 'OutdoorSeating': 'False', 'BusinessParking': ""{'garage': False, 'street': False, 'validated': False, 'lot': False, 'valet': False}"", 'RestaurantsAttire': ""u'casual'"", 'RestaurantsTakeOut': 'True', 'RestaurantsDelivery': 'True', 'RestaurantsPriceRange2': '1', 'RestaurantsReservations': 'False', 'RestaurantsTableService': 'False', 'RestaurantsGoodForGroups': 'True', 'BusinessAcceptsCreditCards': 'True'}","{'Friday': '6:0-21:0', 'Monday': '6:0-21:0', 'Sunday': '6:0-21:0', 'Tuesday': '6:0-21:0', 'Saturday': '6:0-21:0', 'Thursday': '6:0-21:0', 'Wednesday': '6:0-21:0'}"
LkmyxPN4L99fSZR76tV7CA,Della Leva Espresso Bar,Fishers,IN,"Sandwiches, Bakeries, Restaurants, Coffee & Tea, Beer, Wine & Spirits, Food, Breakfast & Brunch",4.0,119,"{'BYOB': 'False', 'WiFi': ""'free'"", 'HasTV': 'False', 'Caters': 'True', 'Alcohol': ""u'none'"", 'Corkage': 'False', 'Ambience': ""{'touristy': False, 'hipster': False, 'romantic': False, 'divey': False, 'intimate': False, 'trendy': False, 'upscale': False, 'classy': False, 'casual': True}"", 'HappyHour': 'True', 'NoiseLevel': ""u'quiet'"", 'BikeParking': 'True', 'DogsAllowed': 'False', 'GoodForKids': 'True', 'GoodForMeal': ""{'dessert': False, 'latenight': False, 'lunch': True, 'dinner': False, 'brunch': True, 'breakfast': True}"", 'OutdoorSeating': 'True', 'BusinessParking': ""{'garage': False, 'street': False, 'validated': False, 'lot': True, 'valet': False}"", 'ByAppointmentOnly': 'False', 'RestaurantsAttire': ""'casual'"", 'RestaurantsTakeOut': 'True', 'RestaurantsDelivery': 'True', 'WheelchairAccessible': 'True', 'BusinessAcceptsBitcoin': 'False', 'RestaurantsPriceRange2': '1', 'RestaurantsReservations': 'True', 'RestaurantsTableService': 'True', 'RestaurantsGoodForGroups': 'True', 'BusinessAcceptsCreditCards': 'True'}","{'Friday': '7:0-14:0', 'Monday': '7:0-14:0', 'Sunday': '8:0-14:0', 'Tuesday': '7:0-14:0', 'Saturday': '8:0-14:0', 'Thursday': '7:0-14:0', 'Wednesday': '7:0-14:0'}"
Z1whpjCi-3RiuBPUtdK44A,Angys’s Cafe And Ice Cream Parlor,Warminster,PA,"Breakfast & Brunch, Burgers, Food, Desserts, Restaurants, Coffee & Tea, Cafes, Pizza, Ice Cream & Frozen Yogurt",4.5,22,"{'WiFi': ""u'free'"", 'HasTV': 'False', 'Caters': 'True', 'Alcohol': ""u'none'"", 'Ambience': ""{'touristy': False, 'hipster': False, 'romantic': False, 'divey': False, 'intimate': False, 'trendy': False, 'upscale': False, 'classy': False, 'casual': False}"", 'DogsAllowed': 'True', 'GoodForKids': 'True', 'GoodForMeal': ""{'dessert': False, 'latenight': False, 'lunch': False, 'dinner': False, 'brunch': False, 'breakfast': False}"", 'OutdoorSeating': 'False', 'BusinessParking': 'None', 'RestaurantsAttire': ""'casual'"", 'RestaurantsTakeOut': 'True', 'RestaurantsDelivery': 'True', 'WheelchairAccessible': 'True', 'RestaurantsPriceRange2': '1', 'RestaurantsReservations': 'True', 'RestaurantsGoodForGroups': 'True', 'BusinessAcceptsCreditCards': 'True'}","{'Friday': '8:0-15:0', 'Monday': '0:0-0:0', 'Sunday': '8:0-21:0', 'Tuesday': '8:0-21:0', 'Saturday': '8:0-14:0', 'Thursday': '8:0-21:0', 'Wednesday': '8:0-21:0'}"
4pyR9gY74U0cRWZDB9C6Cw,Dunkin',Philadelphia,PA,"Sandwiches, Food, Coffee & Tea, Breakfast & Brunch, Donuts, Restaurants",1.5,26,"{'WiFi': ""'free'"", 'HasTV': 'False', 'Caters': 'True', 'Alcohol': ""'none'"", 'Ambience': ""{'romantic': False, 'intimate': False, 'classy': False, 'hipster': False, 'divey': False, 'touristy': False, 'trendy': False, 'upscale': False, 'casual': False}"", 'DriveThru': 'None', 'NoiseLevel': ""'very_loud'"", 'BikeParking': 'True', 'GoodForKids': 'True', 'OutdoorSeating': 'False', 'BusinessParking': ""{'garage': False, 'street': None, 'validated': None, 'lot': None, 'valet': False}"", 'RestaurantsAttire': ""'casual'"", 'RestaurantsTakeOut': 'True', 'RestaurantsDelivery': 'True', 'RestaurantsPriceRange2': '1', 'RestaurantsReservations': 'False', 'RestaurantsGoodForGroups': 'True', 'BusinessAcceptsCreditCards': 'True'}","{'Friday': '0:0-0:0', 'Monday': '0:0-0:0', 'Sunday': '0:0-0:0', 'Tuesday': '0:0-0:0', 'Saturday': '0:0-0:0', 'Thursday': '0:0-0:0', 'Wednesday': '0:0-0:0'}"
rH0FgPdxWWhH4YFz4mempg,McDonald's,St. Louis,MO,"Burgers, Fast Food, Food, Restaurants, Coffee & Tea",1.5,39,"{'WiFi': ""'free'"", 'HasTV': 'True', 'Caters': 'False', 'Alcohol': ""'none'"", 'Ambience': ""{'touristy': False, 'hipster': False, 'romantic': False, 'divey': False, 'intimate': False, 'trendy': False, 'upscale': False, 'classy': False, 'casual': False}"", 'DriveThru': 'True', 'NoiseLevel': ""u'average'"", 'BikeParking': 'True', 'GoodForKids': 'True', 'OutdoorSeating': 'True', 'BusinessParking': ""{'garage': False, 'street': False, 'validated': False, 'lot': False, 'valet': False}"", 'RestaurantsAttire': ""'casual'"", 'RestaurantsTakeOut': 'True', 'RestaurantsDelivery': 'True', 'RestaurantsPriceRange2': '1', 'RestaurantsReservations': 'False', 'RestaurantsGoodForGroups': 'True', 'BusinessAcceptsCreditCards': 'True'}","{'Friday': '6:0-23:0', 'Monday': '6:0-23:0', 'Sunday': '6:0-23:0', 'Tuesday': '6:0-23:0', 'Saturday': '6:0-23:0', 'Thursday': '6:0-23:0', 'Wednesday': '6:0-23:0'}"
LKARmHZQs4cF5_OtE196xw,HubBub Coffee,Philadelphia,PA,"Coffee & Tea, Food Trucks, Food",4.5,26,"{'WiFi': ""u'no'"", 'OutdoorSeating': 'True', 'BusinessParking': ""{'garage': False, 'street': False, 'validated': False, 'lot': False, 'valet': False}"", 'RestaurantsPriceRange2': '1', 'BusinessAcceptsCreditCards': 'True'}","{'Friday': '7:0-15:0', 'Monday': '7:0-15:0', 'Tuesday': '7:0-15:0', 'Thursday': '7:0-15:0', 'Wednesday': '7:0-15:0'}"
y0_n8AHgfhIjIF3z4lRQwQ,Turning Point - Media,Media,PA,"Food, American (Traditional), Breakfast & Brunch, Coffee & Tea, Restaurants",4.0,79,"{'WiFi': ""u'free'"", 'Alcohol': ""u'none'"", 'Ambience': ""{'touristy': False, 'hipster': False, 'romantic': None, 'divey': None, 'intimate': None, 'trendy': True, 'upscale': None, 'classy': None, 'casual': True}"", 'DogsAllowed': 'False', 'GoodForKids': 'True', 'GoodForMeal': ""{'dessert': None, 'latenight': None, 'lunch': True, 'dinner': None, 'brunch': True, 'breakfast': None}"", 'OutdoorSeating': 'True', 'BusinessParking': ""{'garage': False, 'street': True, 'validated': False, 'lot': None, 'valet': False}"", 'RestaurantsTakeOut': 'True', 'RestaurantsDelivery': 'True', 'RestaurantsPriceRange2': '2', 'RestaurantsReservations': 'False', 'RestaurantsTableService': 'True', 'RestaurantsGoodForGroups': 'True', 'BusinessAcceptsCreditCards': 'True'}","{'Friday': '7:30-15:0', 'Monday': '7:30-15:0', 'Sunday': '7:30-15:0', 'Tuesday': '7:30-15:0', 'Saturday': '7:30-15:0', 'Thursday': '7:30-15:0', 'Wednesday': '7:30-15:0'}"
FWA-LNGHisJXq_UP0WfSmA,McDonald's,Edmonton,AB,"Fast Food, Burgers, Coffee & Tea, Restaurants, Food",3.0,10,"{'HasTV': 'True', 'Ambience': ""{'touristy': False, 'hipster': False, 'romantic': False, 'intimate': False, 'trendy': False, 'upscale': False, 'classy': False, 'casual': False}"", 'DriveThru': 'True', 'BikeParking': 'True', 'GoodForKids': 'True', 'GoodForMeal': ""{'dessert': False, 'latenight': False, 'lunch': False, 'dinner': False, 'brunch': False, 'breakfast': False}"", 'OutdoorSeating': 'False', 'BusinessParking': ""{'garage': True, 'street': False, 'validated': False, 'lot': True, 'valet': False}"", 'RestaurantsAttire': ""'casual'"", 'RestaurantsTakeOut': 'True', 'RestaurantsDelivery': 'True', 'RestaurantsPriceRange2': '1', 'RestaurantsReservations': 'False', 'RestaurantsGoodForGroups': 'True', 'BusinessAcceptsCreditCards': 'True'}","{'Friday': '0:0-0:0', 'Monday': '0:0-0:0', 'Sunday': '0:0-0:0', 'Tuesday': '0:0-0:0', 'Saturday': '0:0-0:0', 'Thursday': '0:0-0:0', 'Wednesday': '0:0-0:0'}"
vtJzY7yw636iiEH5tz3B-g,Starbucks,Carmel,IN,"Coffee & Tea, Food",3.5,21,"{'WiFi': ""u'free'"", 'Caters': 'True', 'BikeParking': 'True', 'OutdoorSeating': 'True', 'BusinessParking': ""{'garage': False, 'street': False, 'validated': False, 'lot': True, 'valet': False}"", 'RestaurantsTakeOut': 'True', 'RestaurantsPriceRange2': '2', 'BusinessAcceptsCreditCards': 'True'}","{'Friday': '5:0-21:0', 'Monday': '5:0-21:0', 'Sunday': '6:0-20:0', 'Tuesday': '5:0-21:0', 'Saturday': '5:0-21:0', 'Thursday': '5:0-21:0', 'Wednesday': '5:0-21:0'}"
1B6S6XDoX1fWnQI0_K1b1Q,CW's Gin Joint,Tampa,FL,"Food, Coffee & Tea, Cocktail Bars, Restaurants, Sandwiches, Seafood, Bars, Nightlife",4.0,311,"{'WiFi': ""'free'"", 'HasTV': 'False', 'Music': ""{'dj': False, 'background_music': False, 'no_music': False, 'jukebox': False, 'live': True, 'video': False, 'karaoke': False}"", 'Caters': 'False', 'Alcohol': ""'full_bar'"", 'Ambience': ""{'touristy': False, 'hipster': False, 'romantic': False, 'divey': False, 'intimate': False, 'trendy': True, 'upscale': True, 'classy': True, 'casual': False}"", 'CoatCheck': 'False', 'HappyHour': 'True', 'BestNights': ""{u'monday': False, u'tuesday': True, u'wednesday': False, u'thursday': False, u'friday': True, u'saturday': True, u'sunday': False}"", 'NoiseLevel': ""u'average'"", 'BikeParking': 'True', 'DogsAllowed': 'False', 'GoodForKids': 'False', 'GoodForMeal': ""{'dessert': True, 'latenight': None, 'lunch': None, 'dinner': True, 'brunch': None, 'breakfast': None}"", 'GoodForDancing': 'True', 'OutdoorSeating': 'None', 'BusinessParking': ""{'garage': False, 'street': True, 'validated': False, 'lot': False, 'valet': True}"", 'ByAppointmentOnly': 'False', 'RestaurantsAttire': ""'dressy'"", 'RestaurantsTakeOut': 'True', 'RestaurantsDelivery': 'None', 'RestaurantsPriceRange2': '2', 'RestaurantsReservations': 'True', 'RestaurantsTableService': 'True', 'RestaurantsGoodForGroups': 'True', 'BusinessAcceptsCreditCards': 'True'}","{'Friday': '17:0-2:0', 'Sunday': '17:0-22:0', 'Tuesday': '17:0-23:0', 'Saturday': '17:0-2:0', 'Thursday': '17:0-0:0', 'Wednesday': '17:0-23:0'}"
K2CdyUamZALB_DXQT2iU_w,Starbucks,Sahuarita,AZ,"Food, Coffee & Tea",3.0,16,"{'WiFi': ""u'free'"", 'BusinessParking': ""{u'valet': False, u'garage': False, u'street': None, u'lot': None, u'validated': False}"", 'BusinessAcceptsCreditCards': 'True'}","{'Friday': '4:30-20:0', 'Monday': '0:0-0:0', 'Sunday': '4:30-20:0', 'Tuesday': '4:30-20:0', 'Saturday': '4:30-20:0', 'Thursday': '4:30-20:0', 'Wednesday': '4:30-20:0'}"
oT5Bidkfa7cGOp1806ryXQ,Starbucks,Indianapolis,IN,"Cafes, Restaurants, Food, Coffee & Tea",3.5,28,"{'WiFi': ""'free'"", 'Caters': 'False', 'BikeParking': 'True', 'GoodForKids': 'False', 'OutdoorSeating': 'True', 'BusinessParking': ""{'garage': False, 'street': False, 'validated': False, 'lot': True, 'valet': False}"", 'RestaurantsAttire': ""'casual'"", 'RestaurantsTakeOut': 'True', 'RestaurantsDelivery': 'True', 'RestaurantsPriceRange2': '2', 'RestaurantsGoodForGroups': 'True', 'BusinessAcceptsCreditCards': 'True'}","{'Friday': '5:30-19:0', 'Monday': '5:30-19:0', 'Sunday': '6:0-19:0', 'Tuesday': '5:30-19:0', 'Saturday': '6:0-19:0', 'Thursday': '5:30-19:0', 'Wednesday': '5:30-19:0'}"
fFA6bjWbq724vB1tW4V9pQ,McDonald's,Philadelphia,PA,"Coffee & Tea, Food, Fast Food, Restaurants, Burgers",1.5,15,"{'WiFi': ""'free'"", 'HasTV': 'True', 'Caters': 'False', 'Alcohol': ""'none'"", 'Ambience': ""{'touristy': False, 'hipster': False, 'romantic': False, 'divey': False, 'intimate': False, 'trendy': False, 'upscale': False, 'classy': False, 'casual': False}"", 'DriveThru': 'True', 'NoiseLevel': ""'average'"", 'BikeParking': 'True', 'GoodForKids': 'True', 'OutdoorSeating': 'True', 'BusinessParking': ""{'garage': False, 'street': False, 'validated': False, 'lot': False, 'valet': False}"", 'RestaurantsAttire': ""'casual'"", 'RestaurantsTakeOut': 'True', 'RestaurantsDelivery': 'True', 'RestaurantsPriceRange2': '1', 'RestaurantsReservations': 'False', 'RestaurantsGoodForGroups': 'True', 'BusinessAcceptsCreditCards': 'True'}","{'Friday': '0:0-0:0', 'Monday': '0:0-0:0', 'Sunday': '0:0-0:0', 'Tuesday': '0:0-0:0', 'Saturday': '0:0-0:0', 'Thursday': '0:0-0:0', 'Wednesday': '0:0-0:0'}"
YshBHMZJhbAJ3nmjr9xUGQ,Stages Kitchen & Bar,Edmonton,AB,"Buffets, Restaurants, Coffee & Tea, Food, Canadian (New), Breakfast & Brunch, Local Flavor, Beer, Wine & Spirits",4.0,30,"{'WiFi': ""u'free'"", 'HasTV': 'True', 'Caters': 'True', 'Alcohol': ""u'full_bar'"", 'Ambience': ""{'touristy': False, 'hipster': False, 'romantic': False, 'intimate': False, 'trendy': False, 'upscale': False, 'classy': True, 'casual': True}"", 'NoiseLevel': ""'average'"", 'BikeParking': 'False', 'DogsAllowed': 'False', 'GoodForKids': 'True', 'GoodForMeal': ""{'dessert': True, 'latenight': False, 'lunch': False, 'dinner': True, 'brunch': True, 'breakfast': False}"", 'OutdoorSeating': 'False', 'BusinessParking': ""{'garage': False, 'street': False, 'validated': False, 'lot': True, 'valet': False}"", 'RestaurantsAttire': ""'casual'"", 'RestaurantsTakeOut': 'True', 'RestaurantsDelivery': 'False', 'WheelchairAccessible': 'True', 'RestaurantsPriceRange2': '2', 'RestaurantsReservations': 'True', 'RestaurantsTableService': 'True', 'RestaurantsGoodForGroups': 'True'}","{'Friday': '6:0-23:30', 'Monday': '6:0-23:30', 'Sunday': '7:0-23:30', 'Tuesday': '6:0-23:30', 'Saturday': '7:0-23:30', 'Thursday': '6:0-23:30', 'Wednesday': '6:0-23:30'}"
Qe7PItqlut81ypED4uQpiw,PJ's Coffee,New Orleans,LA,"Food, Coffee & Tea",3.0,9,"{'WiFi': ""'free'"", 'BikeParking': 'True', 'OutdoorSeating': 'True', 'BusinessParking': ""{'garage': False, 'street': False, 'validated': False, 'lot': False, 'valet': False}"", 'RestaurantsPriceRange2': '1', 'BusinessAcceptsCreditCards': 'True'}",
LPdiS6YE0AvFJ05O9TxtMw,Nespresso Boutique at Bloomingdales,King of Prussia,PA,"Coffee Roasteries, Restaurants, Food, Coffee & Tea, Cafes",4.5,7,"{'WiFi': ""u'free'"", 'HasTV': 'False', 'Caters': 'False', 'Alcohol': ""u'none'"", 'DogsAllowed': 'True', 'OutdoorSeating': 'False', 'BusinessParking': ""{'garage': True, 'street': False, 'validated': False, 'lot': False, 'valet': False}"", 'RestaurantsTakeOut': 'False', 'RestaurantsDelivery': 'False', 'WheelchairAccessible': 'True', 'BusinessAcceptsBitcoin': 'False', 'RestaurantsReservations': 'False', 'RestaurantsTableService': 'False', 'BusinessAcceptsCreditCards': 'True'}","{'Friday': '12:0-18:0', 'Monday': '0:0-0:0', 'Sunday': '12:0-18:0', 'Tuesday': '12:0-18:0', 'Saturday': '12:0-18:0', 'Thursday': '12:0-18:0', 'Wednesday': '12:0-18:0'}"
G7g_qBWenj0McEQW1Nua3Q,Le Macaron French Pastries,Wesley Chapel,FL,"Desserts, Food, Patisserie/Cake Shop, Macarons, Coffee & Tea, Bakeries, Gelato, Specialty Food, Chocolatiers & Shops",4.5,45,"{'WiFi': ""u'no'"", 'Caters': 'True', 'HappyHour': 'False', 'BikeParking': 'True', 'DogsAllowed': 'False', 'OutdoorSeating': 'True', 'BusinessParking': ""{'garage': False, 'street': True, 'validated': False, 'lot': False, 'valet': True}"", 'ByAppointmentOnly': 'False', 'RestaurantsTakeOut': 'True', 'RestaurantsDelivery': 'True', 'WheelchairAccessible': 'True', 'BusinessAcceptsBitcoin': 'False', 'RestaurantsPriceRange2': '2', 'BusinessAcceptsCreditCards': 'True'}","{'Friday': '10:0-21:0', 'Monday': '10:45-20:0', 'Sunday': '10:0-21:15', 'Tuesday': '10:45-20:0', 'Saturday': '10:0-21:0', 'Thursday': '10:45-20:0', 'Wednesday': '10:45-20:0'}"
bxs7csQi0UWO2fgGLxoZXQ,Loon Fong 2,Pinellas Park,FL,"American (New), Vietnamese, Restaurants, Juice Bars & Smoothies, Coffee & Tea, Chinese, Bubble Tea, Food",3.5,29,"{'WiFi': ""'free'"", 'HasTV': 'True', 'Caters': 'True', 'Alcohol': ""u'beer_and_wine'"", 'Ambience': ""{'romantic': False, 'intimate': False, 'touristy': False, 'hipster': False, 'divey': False, 'classy': False, 'trendy': False, 'upscale': False, 'casual': True}"", 'NoiseLevel': ""u'average'"", 'BikeParking': 'True', 'GoodForKids': 'True', 'GoodForMeal': ""{'dessert': False, 'latenight': False, 'lunch': True, 'dinner': False, 'brunch': False, 'breakfast': False}"", 'OutdoorSeating': 'False', 'BusinessParking': ""{'garage': False, 'street': False, 'validated': False, 'lot': True, 'valet': False}"", 'RestaurantsAttire': ""u'casual'"", 'RestaurantsTakeOut': 'True', 'RestaurantsDelivery': 'False', 'RestaurantsPriceRange2': '1', 'RestaurantsReservations': 'True', 'RestaurantsGoodForGroups': 'True', 'BusinessAcceptsCreditCards': 'True'}","{'Friday': '10:0-22:0', 'Monday': '10:0-22:0', 'Sunday': '10:0-22:0', 'Tuesday': '10:0-22:0', 'Saturday': '10:0-22:0', 'Thursday': '10:0-22:0', 'Wednesday': '10:0-22:0'}"
GSDxAWLxm5OtVptFVVVpOg,The Human Bean,Boise,ID,"Coffee & Tea, Food",4.5,38,"{'WiFi': ""u'free'"", 'Caters': 'True', 'DriveThru': 'True', 'BikeParking': 'True', 'OutdoorSeating': 'False', 'BusinessParking': ""{'garage': False, 'street': False, 'validated': False, 'lot': True, 'valet': False}"", 'RestaurantsTakeOut': 'True', 'RestaurantsDelivery': 'True', 'RestaurantsPriceRange2': '1', 'BusinessAcceptsCreditCards': 'True'}","{'Friday': '5:0-19:0', 'Monday': '5:0-19:0', 'Sunday': '6:0-18:0', 'Tuesday': '5:0-19:0', 'Saturday': '6:0-18:0', 'Thursday': '5:0-19:0', 'Wednesday': '5:0-19:0'}"
kzHH50fET6e5nVqk8IIl5Q,Good Moo'd Creamery,Philadelphia,PA,"Ice Cream & Frozen Yogurt, Food, Desserts, Acai Bowls, Juice Bars & Smoothies, Coffee & Tea",4.0,65,"{'WiFi': ""u'free'"", 'Caters': 'False', 'BikeParking': 'True', 'GoodForKids': 'True', 'OutdoorSeating': 'True', 'BusinessParking': ""{'garage': False, 'street': True, 'validated': False, 'lot': True, 'valet': True}"", 'RestaurantsTakeOut': 'True', 'RestaurantsDelivery': 'True', 'WheelchairAccessible': 'False', 'RestaurantsPriceRange2': '2', 'BusinessAcceptsCreditCards': 'True'}","{'Friday': '6:0-23:0', 'Sunday': '13:0-22:0', 'Saturday': '13:0-21:0', 'Thursday': '13:0-21:0'}"
rIPy-Q-w4hrvcdSbCakXpg,PJ's Coffee,New Orleans,LA,"Food, Coffee & Tea",4.0,94,"{'WiFi': ""u'free'"", 'Caters': 'False', 'NoiseLevel': ""u'average'"", 'BikeParking': 'True', 'DogsAllowed': 'False', 'GoodForKids': 'True', 'GoodForMeal': ""{'dessert': False, 'latenight': False, 'lunch': False, 'dinner': False, 'brunch': False, 'breakfast': False}"", 'OutdoorSeating': 'False', 'BusinessParking': ""{'garage': False, 'street': True, 'validated': False, 'lot': False, 'valet': False}"", 'RestaurantsTakeOut': 'True', 'RestaurantsDelivery': 'False', 'WheelchairAccessible': 'True', 'BusinessAcceptsBitcoin': 'False', 'RestaurantsPriceRange2': '1', 'BusinessAcceptsCreditCards': 'True'}","{'Friday': '9:0-15:0', 'Monday': '9:0-15:0', 'Sunday': '9:0-15:0', 'Tuesday': '9:0-15:0', 'Saturday': '9:0-15:0', 'Thursday': '9:0-15:0', 'Wednesday': '9:0-15:0'}"
VI4p14GU7lf8mvztZzs9Xw,Eli's Bakery Cafe,Norristown,PA,"Bakeries, Food, Desserts, Coffee & Tea",4.5,10,"{'WiFi': ""u'free'"", 'BusinessParking': ""{'garage': False, 'street': True, 'validated': False, 'lot': False, 'valet': False}""}","{'Friday': '5:0-22:0', 'Monday': '5:0-22:0', 'Sunday': '5:0-22:0', 'Tuesday': '5:0-22:0', 'Saturday': '5:0-22:0', 'Thursday': '5:0-22:0', 'Wednesday': '5:0-22:0'}"
FZ3759DVo6Q2Eg_wOlJ9TA,Broadcast Coffee,Boise,ID,"Coffee & Tea, Coffee Roasteries, Food",4.5,7,"{'BusinessParking': ""{u'valet': False, u'garage': False, u'street': True, u'lot': False, u'validated': False}""}",
FyuCXTESXWjQ_H44deA49Q,Coffee & 3,Gretna,LA,"Food, Donuts, Coffee & Tea, Restaurants",3.5,6,"{'WiFi': ""u'no'"", 'OutdoorSeating': 'True', 'BusinessParking': ""{'garage': False, 'street': False, 'validated': False, 'lot': False, 'valet': False}"", 'RestaurantsPriceRange2': '1'}",
tOfaMOiMrXSmTDuPjLOCuw,The Arcade Nashville,Nashville,TN,"Arts & Entertainment, Art Galleries, Restaurants, Coffee & Tea, Shopping Centers, Food, Shopping",3.5,30,"{'WiFi': ""'no'"", 'HasTV': 'False', 'Ambience': ""{'romantic': False, 'intimate': False, 'classy': False, 'hipster': False, 'divey': False, 'touristy': False, 'trendy': False, 'upscale': False, 'casual': False}"", 'NoiseLevel': ""u'loud'"", 'BikeParking': 'True', 'GoodForKids': 'True', 'GoodForMeal': ""{'dessert': False, 'latenight': False, 'lunch': True, 'dinner': False, 'brunch': False, 'breakfast': False}"", 'OutdoorSeating': 'True', 'BusinessParking': ""{'garage': False, 'street': False, 'validated': False, 'lot': True, 'valet': False}"", 'ByAppointmentOnly': 'False', 'RestaurantsAttire': ""u'casual'"", 'RestaurantsTakeOut': 'None', 'RestaurantsDelivery': 'None', 'WheelchairAccessible': 'True', 'RestaurantsPriceRange2': '2', 'RestaurantsReservations': 'False', 'RestaurantsGoodForGroups': 'True', 'BusinessAcceptsCreditCards': 'True'}","{'Friday': '6:0-18:0', 'Monday': '6:0-18:0', 'Tuesday': '6:0-18:0', 'Saturday': '6:0-17:30', 'Thursday': '6:0-18:0', 'Wednesday': '6:0-18:0'}"
FLxLJ4DzXRgsQSUpwe5Q1g,The Rooster Diner,Media,PA,"Food, Seafood, Diners, Italian, Coffee & Tea, American (Traditional), Sandwiches, Restaurants",4.5,5,"{'RestaurantsTakeOut': 'True', 'RestaurantsDelivery': 'True'}","{'Friday': '7:0-21:0', 'Monday': '7:0-21:0', 'Sunday': '7:0-21:0', 'Tuesday': '7:0-21:0', 'Saturday': '7:0-21:0', 'Thursday': '7:0-21:0', 'Wednesday': '7:0-21:0'}"
J2MWrGso6tBzALV_UMI5RQ,Quickly Boba Cafe USF,Tampa Bay,FL,"Desserts, Coffee & Tea, Tea Rooms, Food, Bubble Tea, Specialty Food, Juice Bars & Smoothies",4.5,118,"{'WiFi': ""'free'"", 'Caters': 'True', 'DriveThru': 'False', 'NoiseLevel': ""u'average'"", 'BikeParking': 'True', 'DogsAllowed': 'False', 'GoodForKids': 'True', 'OutdoorSeating': 'False', 'BusinessParking': ""{'garage': False, 'street': True, 'validated': False, 'lot': False, 'valet': False}"", 'ByAppointmentOnly': 'False', 'RestaurantsTakeOut': 'True', 'WheelchairAccessible': 'True', 'BusinessAcceptsBitcoin': 'False', 'RestaurantsPriceRange2': '1', 'BusinessAcceptsCreditCards': 'True'}","{'Friday': '11:0-23:0', 'Monday': '12:0-20:0', 'Sunday': '12:0-21:0', 'Tuesday': '12:0-21:0', 'Saturday': '11:0-23:0', 'Thursday': '11:0-22:0', 'Wednesday': '11:0-22:0'}"
1LL54pSLD2MS1u3OvCzygw,PJ's Coffee,New Orleans,LA,"Coffee & Tea, Food",4.5,38,"{'WiFi': ""u'free'"", 'OutdoorSeating': 'True', 'BusinessParking': ""{'garage': False, 'street': False, 'validated': False, 'lot': True, 'valet': False}"", 'RestaurantsTakeOut': 'True', 'RestaurantsDelivery': 'True', 'RestaurantsPriceRange2': '1', 'BusinessAcceptsCreditCards': 'True'}","{'Friday': '7:0-17:0', 'Monday': '7:0-17:0', 'Sunday': '7:0-17:0', 'Tuesday': '7:0-17:0', 'Saturday': '7:0-17:0', 'Thursday': '6:0-19:0', 'Wednesday': '7:0-17:0'}"
KuAaIZIACr2uMSK1UDtueg,East Park Donuts & Coffee,Nashville,TN,"Coffee & Tea, Donuts, Food, Cafes, Restaurants",4.5,130,"{'WiFi': ""u'free'"", 'HasTV': 'False', 'Caters': 'True', 'Alcohol': ""u'none'"", 'Ambience': ""{'touristy': False, 'hipster': False, 'romantic': False, 'divey': False, 'intimate': False, 'trendy': False, 'upscale': False, 'classy': False, 'casual': False}"", 'HappyHour': 'False', 'NoiseLevel': ""u'average'"", 'BikeParking': 'True', 'GoodForKids': 'True', 'GoodForMeal': ""{'dessert': False, 'latenight': False, 'lunch': False, 'dinner': False, 'brunch': False, 'breakfast': False}"", 'OutdoorSeating': 'True', 'BusinessParking': ""{'garage': False, 'street': True, 'validated': False, 'lot': True, 'valet': False}"", 'RestaurantsAttire': ""u'casual'"", 'RestaurantsTakeOut': 'True', 'RestaurantsDelivery': 'True', 'WheelchairAccessible': 'True', 'BusinessAcceptsBitcoin': 'False', 'RestaurantsPriceRange2': '1', 'RestaurantsReservations': 'False', 'RestaurantsTableService': 'False', 'BusinessAcceptsCreditCards': 'True'}","{'Friday': '6:30-19:0', 'Monday': '6:30-19:0', 'Sunday': '7:30-19:0', 'Tuesday': '6:30-19:0', 'Saturday': '7:30-19:0', 'Thursday': '6:30-19:0', 'Wednesday': '6:30-19:0'}"
GtfM73QC1y4_j8ghKPSt_w,Parrot Pete's,Harvey,LA,"Ice Cream & Frozen Yogurt, Food, Restaurants, Coffee & Tea, Desserts, Breakfast & Brunch",2.5,98,"{'WiFi': ""u'free'"", 'HasTV': 'True', 'Caters': 'True', 'Alcohol': ""'none'"", 'Ambience': ""{'romantic': False, 'intimate': False, 'classy': False, 'hipster': False, 'divey': False, 'touristy': False, 'trendy': False, 'upscale': False, 'casual': True}"", 'NoiseLevel': ""u'average'"", 'BikeParking': 'True', 'GoodForKids': 'True', 'GoodForMeal': ""{'dessert': True, 'latenight': False, 'lunch': True, 'dinner': False, 'brunch': True, 'breakfast': True}"", 'OutdoorSeating': 'True', 'BusinessParking': ""{'garage': False, 'street': False, 'validated': False, 'lot': True, 'valet': False}"", 'RestaurantsAttire': ""u'casual'"", 'RestaurantsTakeOut': 'True', 'RestaurantsDelivery': 'False', 'BusinessAcceptsBitcoin': 'False', 'RestaurantsPriceRange2': '2', 'RestaurantsReservations': 'False', 'RestaurantsGoodForGroups': 'True', 'BusinessAcceptsCreditCards': 'True'}","{'Friday': '8:0-22:0', 'Monday': '8:0-20:0', 'Sunday': '8:0-20:0', 'Tuesday': '8:0-20:0', 'Saturday': '8:0-22:0', 'Thursday': '8:0-20:0', 'Wednesday': '8:0-20:0'}"
r-EldXbu3BcEPGudSu0EZA,Coast Roast Coffee,New Orleans,LA,"Coffee & Tea, Food",4.5,10,"{'WiFi': ""u'free'"", 'OutdoorSeating': 'True', 'BusinessParking': ""{'garage': False, 'street': False, 'validated': False, 'lot': False, 'valet': False}"", 'RestaurantsTakeOut': 'True', 'RestaurantsDelivery': 'True', 'RestaurantsPriceRange2': '2', 'BusinessAcceptsCreditCards': 'True'}","{'Friday': '7:0-23:0', 'Monday': '7:0-23:0', 'Sunday': '7:0-23:0', 'Tuesday': '7:0-23:0', 'Saturday': '7:0-23:0', 'Thursday': '7:0-23:0', 'Wednesday': '7:0-23:0'}"
Zh7c_1oN5BpPqwyXF8dy7g,6 North Cafe,Saint Louis,MO,"Food, Sandwiches, Coffee & Tea, Restaurants",4.0,21,"{'WiFi': ""u'free'"", 'HasTV': 'True', 'Alcohol': ""u'none'"", 'Ambience': ""{'romantic': False, 'intimate': False, 'touristy': False, 'hipster': False, 'divey': False, 'classy': False, 'trendy': False, 'upscale': False, 'casual': False}"", 'DriveThru': 'True', 'NoiseLevel': ""u'quiet'"", 'BikeParking': 'False', 'GoodForKids': 'True', 'OutdoorSeating': 'True', 'BusinessParking': ""{'garage': False, 'street': True, 'validated': False, 'lot': False, 'valet': False}"", 'RestaurantsAttire': ""u'casual'"", 'RestaurantsTakeOut': 'True', 'RestaurantsDelivery': 'False', 'RestaurantsPriceRange2': '1', 'RestaurantsReservations': 'False', 'RestaurantsGoodForGroups': 'True', 'BusinessAcceptsCreditCards': 'True'}","{'Friday': '7:0-15:0', 'Monday': '7:0-15:0', 'Tuesday': '7:0-15:0', 'Thursday': '7:0-15:0', 'Wednesday': '7:0-15:0'}"
NKZl502pYc-l3DT32aoX7w,Coffee Studio,Boise,ID,"American (New), Food, Coffee & Tea, Restaurants",4.5,69,"{'WiFi': ""u'free'"", 'Caters': 'False', 'BikeParking': 'True', 'GoodForMeal': ""{'dessert': False, 'latenight': False, 'lunch': False, 'dinner': False, 'brunch': False, 'breakfast': False}"", 'OutdoorSeating': 'True', 'BusinessParking': ""{'garage': False, 'street': None, 'validated': False, 'lot': True, 'valet': False}"", 'RestaurantsTakeOut': 'True', 'RestaurantsDelivery': 'False', 'WheelchairAccessible': 'True', 'RestaurantsPriceRange2': '2', 'RestaurantsReservations': 'False', 'RestaurantsGoodForGroups': 'True', 'BusinessAcceptsCreditCards': 'True'}","{'Friday': '5:30-20:0', 'Monday': '5:30-20:0', 'Sunday': '7:0-19:0', 'Tuesday': '5:30-20:0', 'Saturday': '6:0-19:0', 'Thursday': '5:30-20:0', 'Wednesday': '5:30-20:0'}"
zjhcbO-fhczQwZwfvchm0A,Gelato Di Riso,Kirkwood,MO,"Desserts, Coffee & Tea, Bakeries, Food, Gelato",3.5,11,"{'WiFi': ""u'free'"", 'Caters': 'True', 'BikeParking': 'True', 'OutdoorSeating': 'True', 'BusinessParking': ""{'garage': False, 'street': True, 'validated': False, 'lot': False, 'valet': False}"", 'RestaurantsTakeOut': 'True', 'RestaurantsDelivery': 'False', 'WheelchairAccessible': 'False', 'BusinessAcceptsCreditCards': 'True'}","{'Friday': '12:0-21:30', 'Sunday': '12:0-21:30', 'Tuesday': '12:0-21:30', 'Saturday': '12:0-21:30', 'Thursday': '12:0-21:30', 'Wednesday': '12:0-21:30'}"
ol6ATB97MdIuhm6yAGOeMQ,Lucky Llama Coffee,Carpinteria,CA,"Food, Acai Bowls, Bakeries, Coffee Roasteries, Desserts, Coffee & Tea",4.5,486,"{'WiFi': ""u'free'"", 'Caters': 'False', 'DriveThru': 'False', 'NoiseLevel': ""u'average'"", 'BikeParking': 'True', 'DogsAllowed': 'True', 'GoodForKids': 'True', 'OutdoorSeating': 'True', 'BusinessParking': ""{'garage': False, 'street': True, 'validated': False, 'lot': True, 'valet': False}"", 'RestaurantsTakeOut': 'True', 'RestaurantsPriceRange2': '1', 'BusinessAcceptsCreditCards': 'True'}","{'Friday': '7:0-14:30', 'Monday': '7:0-14:30', 'Sunday': '7:0-14:30', 'Tuesday': '7:0-14:30', 'Saturday': '7:0-14:30', 'Thursday': '7:0-14:30', 'Wednesday': '7:0-14:30'}"
Ut7Mz_yPW4hZwunVm8FSYg,Vape N Joe,Largo,FL,"Shopping, Vape Shops, Coffee & Tea, Food",3.5,22,"{'WiFi': ""'free'"", 'Alcohol': ""u'none'"", 'BikeParking': 'True', 'OutdoorSeating': 'False', 'BusinessParking': ""{'garage': False, 'street': False, 'validated': False, 'lot': True, 'valet': False}"", 'ByAppointmentOnly': 'False', 'RestaurantsPriceRange2': '2', 'BusinessAcceptsCreditCards': 'True'}","{'Friday': '10:0-20:0', 'Monday': '10:0-20:0', 'Sunday': '11:0-18:0', 'Tuesday': '10:0-20:0', 'Saturday': '10:0-20:0', 'Thursday': '10:0-20:0', 'Wednesday': '10:0-20:0'}"
S5VH9dR3nCgNO5C0M_HttA,Cafe Grindstone,Philadelphia,PA,"Local Flavor, Coffee & Tea, Food",4.0,12,"{'WiFi': ""'free'"", 'GoodForKids': 'True', 'OutdoorSeating': 'True', 'BusinessParking': ""{'garage': False, 'street': False, 'validated': False, 'lot': False, 'valet': False}"", 'RestaurantsPriceRange2': '1', 'BusinessAcceptsCreditCards': 'False'}",
eIDC_UAORw0frg030Nw4tA,McDonald's,Rock Hill,MO,"Food, Coffee & Tea, Burgers, Restaurants, Fast Food",1.5,19,"{'HasTV': 'True', 'Ambience': ""{'touristy': False, 'hipster': False, 'romantic': False, 'divey': False, 'intimate': False, 'trendy': False, 'upscale': False, 'classy': False, 'casual': False}"", 'DriveThru': 'True', 'GoodForKids': 'True', 'OutdoorSeating': 'False', 'RestaurantsAttire': ""'casual'"", 'RestaurantsTakeOut': 'True', 'RestaurantsDelivery': 'True', 'RestaurantsPriceRange2': '1', 'RestaurantsReservations': 'False', 'RestaurantsGoodForGroups': 'False', 'BusinessAcceptsCreditCards': 'True'}","{'Friday': '6:0-23:0', 'Monday': '6:0-23:0', 'Sunday': '6:0-23:0', 'Tuesday': '6:0-23:0', 'Saturday': '6:0-23:0', 'Thursday': '6:0-23:0', 'Wednesday': '6:0-23:0'}"
vEJ9dWt5If-u8BmTHocuEQ,Cosmic Donuts,Palm Harbor,FL,"Breakfast & Brunch, Food, Burgers, Coffee & Tea, Restaurants, Donuts",4.0,222,"{'WiFi': ""'free'"", 'HasTV': 'False', 'Caters': 'True', 'Alcohol': ""u'none'"", 'Ambience': ""{'touristy': False, 'hipster': False, 'romantic': False, 'divey': False, 'intimate': False, 'trendy': False, 'upscale': False, 'classy': False, 'casual': True}"", 'HappyHour': 'False', 'NoiseLevel': ""u'quiet'"", 'BikeParking': 'True', 'GoodForKids': 'True', 'GoodForMeal': ""{'dessert': False, 'latenight': False, 'lunch': False, 'dinner': False, 'brunch': False, 'breakfast': False}"", 'OutdoorSeating': 'None', 'BusinessParking': ""{'garage': False, 'street': None, 'validated': False, 'lot': True, 'valet': False}"", 'RestaurantsAttire': ""u'casual'"", 'RestaurantsTakeOut': 'True', 'RestaurantsDelivery': 'True', 'WheelchairAccessible': 'True', 'RestaurantsPriceRange2': '1', 'RestaurantsReservations': 'False', 'RestaurantsTableService': 'False', 'RestaurantsGoodForGroups': 'True', 'BusinessAcceptsCreditCards': 'True'}","{'Friday': '6:0-16:0', 'Monday': '0:0-0:0', 'Sunday': '6:0-16:0', 'Tuesday': '6:0-16:0', 'Saturday': '6:0-16:0', 'Thursday': '6:0-16:0', 'Wednesday': '6:0-16:0'}"
rgeuy1qbw6Z8B6CSVANHIA,Federal Donuts,Philadelphia,PA,"Donuts, Sandwiches, Soul Food, Food, Coffee & Tea, Restaurants, Chicken Wings",4.0,1464,"{'WiFi': ""u'free'"", 'HasTV': 'False', 'Caters': 'False', 'Alcohol': ""u'none'"", 'Ambience': ""{'touristy': False, 'hipster': False, 'romantic': False, 'divey': False, 'intimate': False, 'trendy': False, 'upscale': False, 'classy': True, 'casual': True}"", 'HappyHour': 'False', 'NoiseLevel': ""u'average'"", 'BikeParking': 'True', 'DogsAllowed': 'False', 'GoodForKids': 'True', 'GoodForMeal': ""{'dessert': False, 'latenight': False, 'lunch': True, 'dinner': False, 'brunch': False, 'breakfast': True}"", 'OutdoorSeating': 'None', 'BusinessParking': ""{'garage': False, 'street': True, 'validated': False, 'lot': True, 'valet': False}"", 'ByAppointmentOnly': 'False', 'RestaurantsAttire': ""u'casual'"", 'RestaurantsTakeOut': 'None', 'RestaurantsDelivery': 'None', 'RestaurantsPriceRange2': '1', 'RestaurantsReservations': 'False', 'RestaurantsTableService': 'False', 'RestaurantsGoodForGroups': 'False', 'BusinessAcceptsCreditCards': 'True'}","{'Friday': '8:0-15:0', 'Monday': '8:0-15:0', 'Sunday': '8:0-15:0', 'Tuesday': '8:0-15:0', 'Saturday': '8:0-15:0', 'Thursday': '8:0-15:0', 'Wednesday': '8:0-15:0'}"
bgHVKRpZ6xotlAuw9VSLZQ,Pret A Manger,Philadelphia,PA,"Bakeries, Restaurants, Coffee & Tea, Food, Sandwiches, Breakfast & Brunch",4.0,34,"{'WiFi': ""u'free'"", 'HasTV': 'True', 'Ambience': ""{'touristy': False, 'hipster': False, 'romantic': False, 'divey': False, 'intimate': False, 'trendy': False, 'upscale': False, 'classy': False, 'casual': False}"", 'HappyHour': 'False', 'NoiseLevel': ""u'average'"", 'GoodForMeal': ""{'dessert': False, 'latenight': False, 'lunch': False, 'dinner': False, 'brunch': False, 'breakfast': False}"", 'BusinessParking': ""{'garage': False, 'street': False, 'validated': False, 'lot': False, 'valet': False}"", 'RestaurantsTakeOut': 'True', 'RestaurantsDelivery': 'True', 'RestaurantsReservations': 'False', 'RestaurantsGoodForGroups': 'True', 'BusinessAcceptsCreditCards': 'True'}","{'Friday': '7:30-15:30', 'Monday': '7:30-15:30', 'Tuesday': '7:30-15:30', 'Thursday': '7:30-15:30', 'Wednesday': '7:30-15:30'}"
lpUn1M5exBmKegS1_f3WHA,Wood-Fire Roasted Coffee Company,Reno,NV,"Food, Coffee Roasteries, Coffee & Tea",5.0,43,"{'WiFi': ""u'no'"", 'Caters': 'False', 'BikeParking': 'True', 'OutdoorSeating': 'False', 'BusinessParking': ""{'garage': False, 'street': False, 'validated': False, 'lot': True, 'valet': False}"", 'RestaurantsTakeOut': 'True', 'WheelchairAccessible': 'True', 'RestaurantsPriceRange2': '2', 'BusinessAcceptsCreditCards': 'True'}","{'Friday': '9:0-14:0', 'Monday': '0:0-0:0', 'Tuesday': '9:0-14:0', 'Thursday': '9:0-14:0', 'Wednesday': '9:0-14:0'}"
9LZWyTM6KCr6JvfWEgGeQw,Yoya Self Service Frozen Yogurt and Bubble Tea,Indianapolis,IN,"Ice Cream & Frozen Yogurt, Food, Bubble Tea, Coffee & Tea",4.0,102,"{'WiFi': ""u'free'"", 'Caters': 'False', 'BikeParking': 'False', 'GoodForKids': 'True', 'OutdoorSeating': 'True', 'BusinessParking': ""{'garage': False, 'street': False, 'validated': False, 'lot': True, 'valet': False}"", 'RestaurantsTakeOut': 'True', 'RestaurantsDelivery': 'True', 'RestaurantsPriceRange2': '1', 'BusinessAcceptsCreditCards': 'True'}","{'Friday': '12:0-22:30', 'Monday': '12:0-21:30', 'Sunday': '12:0-21:0', 'Tuesday': '12:0-21:30', 'Saturday': '12:0-22:30', 'Thursday': '12:0-21:30', 'Wednesday': '12:0-21:30'}"
mM4vtt-BVT_80J9JSKdw7Q,McDonald's,Boise,ID,"Food, Fast Food, Restaurants, Coffee & Tea, Burgers",2.0,9,"{'WiFi': ""u'free'"", 'HasTV': 'True', 'Ambience': ""{'romantic': False, 'intimate': False, 'classy': False, 'hipster': False, 'divey': False, 'touristy': False, 'trendy': False, 'upscale': False, 'casual': False}"", 'DriveThru': 'True', 'NoiseLevel': ""u'average'"", 'GoodForKids': 'True', 'OutdoorSeating': 'True', 'RestaurantsAttire': ""u'casual'"", 'RestaurantsTakeOut': 'True', 'RestaurantsDelivery': 'True', 'RestaurantsPriceRange2': '1', 'RestaurantsReservations': 'False', 'RestaurantsGoodForGroups': 'True', 'BusinessAcceptsCreditCards': 'True'}","{'Friday': '5:0-0:0', 'Monday': '5:0-0:0', 'Sunday': '5:0-0:0', 'Tuesday': '5:0-0:0', 'Saturday': '5:0-0:0', 'Thursday': '5:0-0:0', 'Wednesday': '5:0-0:0'}"
jSr8KHVtQWgC_S_xNyrG5w,Dream Tea House,Edmonton,AB,"Coffee & Tea, Tea Rooms, Food, Bubble Tea",4.0,65,"{'WiFi': ""u'free'"", 'Caters': 'False', 'BikeParking': 'True', 'OutdoorSeating': 'False', 'BusinessParking': ""{'garage': False, 'street': False, 'validated': False, 'lot': True, 'valet': False}"", 'RestaurantsTakeOut': 'True', 'RestaurantsDelivery': 'True', 'RestaurantsPriceRange2': '1'}","{'Friday': '12:0-21:0', 'Monday': '12:0-21:0', 'Sunday': '12:0-21:0', 'Tuesday': '12:0-21:0', 'Saturday': '12:0-21:0', 'Thursday': '12:0-21:0', 'Wednesday': '12:0-21:0'}"
CPdzdO7YuxFSUOWYhqthOA,Dunkin',Philadelphia,PA,"Food, Donuts, Coffee & Tea, Restaurants",2.0,17,"{'WiFi': ""'free'"", 'Caters': 'False', 'DriveThru': 'None', 'BikeParking': 'True', 'OutdoorSeating': 'False', 'BusinessParking': ""{'garage': False, 'street': False, 'validated': False, 'lot': True, 'valet': False}"", 'RestaurantsTakeOut': 'True', 'RestaurantsDelivery': 'True', 'RestaurantsPriceRange2': '1', 'BusinessAcceptsCreditCards': 'True'}","{'Friday': '5:0-21:0', 'Monday': '5:0-21:0', 'Sunday': '5:0-21:0', 'Tuesday': '5:0-21:0', 'Saturday': '5:0-21:0', 'Thursday': '5:0-21:0', 'Wednesday': '5:0-21:0'}"
z6-UhljI4jqBMyMrCUoz0Q,Starbucks,Edwardsville,IL,"Coffee & Tea, Food",3.5,14,"{'WiFi': ""u'free'"", 'DriveThru': 'True', 'BusinessParking': ""{'garage': False, 'street': False, 'validated': False, 'lot': True, 'valet': False}"", 'BusinessAcceptsCreditCards': 'True'}","{'Friday': '5:0-21:0', 'Monday': '5:0-21:0', 'Sunday': '5:30-21:0', 'Tuesday': '5:0-21:0', 'Saturday': '5:30-21:0', 'Thursday': '5:0-21:0', 'Wednesday': '5:0-21:0'}"
4MbJl_Pn4xqTHWWf_w5KHg,Starbucks,Indianapolis,IN,"Food, Coffee & Tea",3.5,33,"{'WiFi': ""'free'"", 'Caters': 'False', 'BikeParking': 'True', 'DogsAllowed': 'False', 'OutdoorSeating': 'True', 'BusinessParking': ""{'garage': True, 'street': False, 'validated': False, 'lot': None, 'valet': False}"", 'RestaurantsTakeOut': 'True', 'RestaurantsPriceRange2': '2', 'BusinessAcceptsCreditCards': 'True'}","{'Friday': '6:0-21:0', 'Monday': '0:0-0:0', 'Sunday': '6:0-19:0', 'Tuesday': '6:0-20:0', 'Saturday': '6:0-21:0', 'Thursday': '6:0-20:0', 'Wednesday': '6:0-20:0'}"
rlWSIBm8rpEKZzpG9X9Jsw,French Press Coffee House,Metairie,LA,"Coffee & Tea, Restaurants, Sandwiches, Breakfast & Brunch, Food",3.0,54,"{'WiFi': ""'free'"", 'HasTV': 'True', 'Alcohol': ""'beer_and_wine'"", 'Ambience': ""{'touristy': False, 'hipster': False, 'romantic': False, 'divey': False, 'intimate': False, 'trendy': False, 'upscale': False, 'classy': False, 'casual': False}"", 'NoiseLevel': ""u'average'"", 'BikeParking': 'True', 'GoodForKids': 'True', 'GoodForMeal': ""{'dessert': True, 'latenight': False, 'lunch': False, 'dinner': False, 'brunch': False, 'breakfast': True}"", 'OutdoorSeating': 'True', 'BusinessParking': ""{'garage': False, 'street': False, 'validated': False, 'lot': True, 'valet': False}"", 'RestaurantsAttire': ""u'casual'"", 'RestaurantsTakeOut': 'True', 'RestaurantsDelivery': 'False', 'RestaurantsPriceRange2': '1', 'RestaurantsReservations': 'False', 'RestaurantsTableService': 'False', 'RestaurantsGoodForGroups': 'True', 'BusinessAcceptsCreditCards': 'True'}","{'Friday': '6:0-22:0', 'Monday': '6:0-21:0', 'Sunday': '7:0-21:0', 'Tuesday': '6:0-21:0', 'Saturday': '6:0-22:0', 'Thursday': '6:0-21:0', 'Wednesday': '6:0-21:0'}"
J4CrtqHDH4LAyDd001cD9g,Eggstravaganza Cafe,Antioch,TN,"Restaurants, Breakfast & Brunch, Coffee & Tea, Food, Cafes",4.5,335,"{'WiFi': ""'free'"", 'HasTV': 'True', 'Alcohol': ""u'none'"", 'Ambience': ""{'touristy': False, 'hipster': False, 'romantic': False, 'divey': False, 'intimate': False, 'trendy': False, 'upscale': False, 'classy': True, 'casual': True}"", 'HappyHour': 'False', 'NoiseLevel': ""u'average'"", 'DogsAllowed': 'False', 'GoodForKids': 'True', 'GoodForMeal': ""{'dessert': None, 'latenight': None, 'lunch': True, 'dinner': False, 'brunch': True, 'breakfast': True}"", 'OutdoorSeating': 'True', 'BusinessParking': ""{'garage': False, 'street': False, 'validated': False, 'lot': None, 'valet': False}"", 'RestaurantsAttire': ""'casual'"", 'RestaurantsTakeOut': 'None', 'RestaurantsDelivery': 'True', 'RestaurantsPriceRange2': '2', 'RestaurantsReservations': 'False', 'RestaurantsTableService': 'True', 'RestaurantsGoodForGroups': 'False', 'BusinessAcceptsCreditCards': 'True'}","{'Friday': '7:0-14:0', 'Monday': '7:0-14:0', 'Sunday': '7:0-15:0', 'Tuesday': '7:0-14:0', 'Saturday': '7:0-15:0', 'Thursday': '7:0-14:0', 'Wednesday': '7:0-14:0'}"
ohIBOQgD3M5CohT4BGpJNQ,Zee Bee Market,Saint Louis,MO,"Fashion, Specialty Food, Jewelry, Food, Home Decor, Accessories, Home & Garden, Shopping, Coffee & Tea",5.0,36,"{'WiFi': ""u'no'"", 'BikeParking': 'True', 'DogsAllowed': 'True', 'OutdoorSeating': 'False', 'BusinessParking': ""{'garage': False, 'street': True, 'validated': True, 'lot': True, 'valet': False}"", 'ByAppointmentOnly': 'False', 'RestaurantsTakeOut': 'None', 'RestaurantsDelivery': 'None', 'WheelchairAccessible': 'True', 'BusinessAcceptsBitcoin': 'False', 'RestaurantsPriceRange2': '2', 'BusinessAcceptsCreditCards': 'True'}","{'Friday': '10:0-20:0', 'Monday': '0:0-0:0', 'Sunday': '11:0-16:0', 'Tuesday': '11:0-18:0', 'Saturday': '10:0-20:0', 'Thursday': '11:0-18:0', 'Wednesday': '11:0-18:0'}"
1J6QlHsJeXFTrL-mdjwjNQ,Starbucks,Hendersonville,TN,"Coffee & Tea, Food",4.5,10,"{'WiFi': ""'free'"", 'BikeParking': 'True', 'OutdoorSeating': 'True', 'BusinessParking': ""{'garage': False, 'street': False, 'validated': False, 'lot': False, 'valet': False}"", 'RestaurantsTakeOut': 'True', 'RestaurantsPriceRange2': '2', 'BusinessAcceptsCreditCards': 'True'}",
j8NhrBzy1op0BfVGdSOiXQ,The Creperie Cafe,Boise,ID,"Restaurants, Creperies, Coffee & Tea, Desserts, Cafes, Food, French",3.5,131,"{'WiFi': ""u'free'"", 'HasTV': 'True', 'Caters': 'False', 'Alcohol': ""u'none'"", 'Ambience': ""{'romantic': False, 'intimate': False, 'touristy': False, 'hipster': False, 'divey': False, 'classy': False, 'trendy': False, 'upscale': False, 'casual': True}"", 'DriveThru': 'False', 'HappyHour': 'False', 'NoiseLevel': ""u'average'"", 'BikeParking': 'True', 'GoodForKids': 'True', 'GoodForMeal': ""{'dessert': True, 'latenight': False, 'lunch': True, 'dinner': True, 'brunch': True, 'breakfast': None}"", 'OutdoorSeating': 'True', 'BusinessParking': ""{'garage': False, 'street': False, 'validated': False, 'lot': True, 'valet': False}"", 'RestaurantsAttire': ""u'casual'"", 'RestaurantsTakeOut': 'True', 'RestaurantsDelivery': 'True', 'WheelchairAccessible': 'True', 'RestaurantsPriceRange2': '1', 'RestaurantsReservations': 'False', 'RestaurantsTableService': 'False', 'RestaurantsGoodForGroups': 'True', 'BusinessAcceptsCreditCards': 'True'}","{'Friday': '12:0-18:0', 'Monday': '0:0-0:0', 'Sunday': '12:0-20:0', 'Tuesday': '12:0-20:0', 'Saturday': '12:0-20:0', 'Thursday': '12:0-20:0', 'Wednesday': '12:0-20:0'}"
hx_9etInU71CGRs6xDjM0g,Brickhouse Coffee,lawrence,IN,"Coffee & Tea, Cafes, Food, Restaurants, Sandwiches, Bagels",4.5,31,"{'WiFi': ""u'free'"", 'Caters': 'False', 'BusinessParking': ""{'garage': False, 'street': False, 'validated': False, 'lot': True, 'valet': False}"", 'RestaurantsTakeOut': 'True', 'RestaurantsDelivery': 'True', 'WheelchairAccessible': 'True', 'RestaurantsPriceRange2': '1', 'BusinessAcceptsCreditCards': 'True'}","{'Friday': '6:30-16:0', 'Monday': '6:30-16:0', 'Sunday': '9:0-13:30', 'Tuesday': '6:30-16:0', 'Saturday': '8:0-16:0', 'Thursday': '6:30-16:0', 'Wednesday': '6:30-16:0'}"
tEjgGPpomcMxJ7kvDqPyXA,Main Squeeze Juice Co.,New Orleans,LA,"Food, Juice Bars & Smoothies, Acai Bowls, Coffee & Tea",5.0,9,"{'WiFi': ""u'free'"", 'Caters': 'True', 'BikeParking': 'True', 'OutdoorSeating': 'True', 'WheelchairAccessible': 'True', 'BusinessAcceptsCreditCards': 'True'}","{'Friday': '7:0-17:0', 'Monday': '0:0-0:0', 'Sunday': '9:0-18:0', 'Tuesday': '7:0-19:0', 'Saturday': '7:0-20:0', 'Thursday': '7:0-20:0', 'Wednesday': '7:0-20:0'}"
EzJI5x25U5GgbYBWhu5ZQQ,Tempo Nashville,Nashville,TN,"Restaurants, Venues & Event Spaces, Food, Event Planning & Services, Coffee & Tea, Tex-Mex",4.5,65,"{'WiFi': ""u'free'"", 'HasTV': 'True', 'Ambience': ""{'touristy': False, 'hipster': False, 'romantic': False, 'divey': False, 'intimate': False, 'trendy': False, 'upscale': False, 'classy': False, 'casual': False}"", 'GoodForMeal': ""{'dessert': False, 'latenight': False, 'lunch': False, 'dinner': False, 'brunch': False, 'breakfast': False}"", 'BusinessParking': ""{u'valet': False, u'garage': False, u'street': None, u'lot': True, u'validated': None}"", 'RestaurantsTakeOut': 'True', 'RestaurantsDelivery': 'True', 'RestaurantsPriceRange2': '1'}","{'Friday': '7:0-15:0', 'Monday': '7:0-15:0', 'Sunday': '9:0-14:0', 'Tuesday': '7:0-15:0', 'Saturday': '8:0-16:0', 'Thursday': '7:0-15:0', 'Wednesday': '7:0-15:0'}"
1l6enor7mUQT7dyJ7WCa9A,Starbucks,Kennett Square,PA,"Food, Coffee & Tea",3.5,24,"{'WiFi': ""u'free'"", 'BikeParking': 'False', 'OutdoorSeating': 'True', 'BusinessParking': ""{'garage': False, 'street': False, 'validated': False, 'lot': True, 'valet': False}"", 'RestaurantsTakeOut': 'True', 'RestaurantsPriceRange2': '2', 'BusinessAcceptsCreditCards': 'True'}","{'Friday': '5:30-20:0', 'Monday': '0:0-0:0', 'Sunday': '6:0-20:0', 'Tuesday': '5:30-20:0', 'Saturday': '5:30-20:0', 'Thursday': '5:30-20:0', 'Wednesday': '5:30-20:0'}"
_QDlxjPJf76c5O9OqY_tqA,Cafe 128,Trenton,NJ,"Restaurants, Coffee & Tea, American (New), Cafes, Sandwiches, Food, Breakfast & Brunch",4.0,29,"{'WiFi': ""u'free'"", 'HasTV': 'True', 'Caters': 'True', 'Alcohol': ""u'none'"", 'Ambience': ""{'touristy': False, 'hipster': False, 'romantic': False, 'divey': False, 'intimate': False, 'trendy': False, 'upscale': False, 'classy': False, 'casual': False}"", 'NoiseLevel': ""u'average'"", 'BikeParking': 'True', 'GoodForKids': 'True', 'GoodForMeal': ""{'dessert': False, 'latenight': False, 'lunch': True, 'dinner': False, 'brunch': True, 'breakfast': True}"", 'OutdoorSeating': 'True', 'BusinessParking': ""{'garage': False, 'street': True, 'validated': False, 'lot': False, 'valet': False}"", 'RestaurantsAttire': ""u'casual'"", 'RestaurantsTakeOut': 'True', 'RestaurantsDelivery': 'True', 'RestaurantsPriceRange2': '1', 'RestaurantsReservations': 'False', 'RestaurantsTableService': 'False', 'RestaurantsGoodForGroups': 'False', 'BusinessAcceptsCreditCards': 'True'}","{'Friday': '7:0-16:0', 'Monday': '7:0-16:0', 'Tuesday': '7:0-16:0', 'Thursday': '7:0-16:0', 'Wednesday': '7:0-16:0'}"
Zhj3JqPcEmeiY6uBpIMmIA,Funny Library Coffee Shop,Nashville,TN,"Breakfast & Brunch, Sandwiches, Coffee & Tea, Hotels, Restaurants, Event Planning & Services, Hotels & Travel, Food",4.0,9,"{'WiFi': ""u'free'"", 'Caters': 'False', 'BikeParking': 'True', 'DogsAllowed': 'True', 'OutdoorSeating': 'True', 'BusinessParking': ""{u'valet': True, u'garage': False, u'street': True, u'lot': False, u'validated': True}"", 'RestaurantsTakeOut': 'True', 'RestaurantsDelivery': 'False', 'WheelchairAccessible': 'True', 'BusinessAcceptsBitcoin': 'False', 'BusinessAcceptsCreditCards': 'True'}","{'Friday': '7:0-16:0', 'Monday': '7:0-14:0', 'Sunday': '7:0-14:0', 'Tuesday': '7:0-14:0', 'Saturday': '7:0-16:0', 'Thursday': '7:0-14:0', 'Wednesday': '7:0-14:0'}"
V_jy9Aemc3kjznqhbsu_Dg,MilkBoy,Philadelphia,PA,"Coffee & Tea, Food, American (New), Arts & Entertainment, Nightlife, Music Venues, Restaurants, Bars",3.5,383,"{'WiFi': ""u'no'"", 'HasTV': 'True', 'Music': ""{'dj': False, 'background_music': False, 'no_music': False, 'jukebox': False, 'live': True, 'video': False, 'karaoke': False}"", 'Alcohol': ""u'full_bar'"", 'Ambience': ""{'touristy': False, 'hipster': None, 'romantic': False, 'divey': False, 'intimate': False, 'trendy': None, 'upscale': False, 'classy': False, 'casual': True}"", 'HappyHour': 'True', 'BestNights': ""{'monday': False, 'tuesday': False, 'friday': True, 'wednesday': False, 'thursday': True, 'sunday': False, 'saturday': True}"", 'NoiseLevel': ""u'loud'"", 'BikeParking': 'True', 'DogsAllowed': 'False', 'GoodForKids': 'False', 'GoodForDancing': 'False', 'OutdoorSeating': 'True', 'BusinessParking': ""{'garage': False, 'street': True, 'validated': False, 'lot': False, 'valet': False}"", 'RestaurantsAttire': ""u'casual'"", 'RestaurantsTakeOut': 'True', 'RestaurantsDelivery': 'True', 'WheelchairAccessible': 'True', 'RestaurantsPriceRange2': '2', 'RestaurantsReservations': 'False', 'RestaurantsGoodForGroups': 'True', 'BusinessAcceptsCreditCards': 'True'}","{'Friday': '7:0-2:0', 'Monday': '7:0-2:0', 'Sunday': '11:0-2:0', 'Tuesday': '7:0-2:0', 'Saturday': '11:0-2:0', 'Thursday': '7:0-2:0', 'Wednesday': '7:0-2:0'}"
_qgqa4X1OiMLqub1hHaMjg,Res Ipsa Cafe,Philadelphia,PA,"Restaurants, Coffee & Tea, Cafes, Food, Breakfast & Brunch, Italian",4.0,205,"{'WiFi': ""u'free'"", 'HasTV': 'True', 'Caters': 'False', 'Alcohol': ""'none'"", 'Ambience': ""{'touristy': False, 'hipster': False, 'romantic': False, 'divey': False, 'intimate': False, 'trendy': True, 'upscale': False, 'classy': True, 'casual': True}"", 'NoiseLevel': ""u'average'"", 'BikeParking': 'False', 'DogsAllowed': 'False', 'GoodForKids': 'True', 'GoodForMeal': ""{'dessert': False, 'latenight': False, 'lunch': True, 'dinner': False, 'brunch': True, 'breakfast': True}"", 'OutdoorSeating': 'False', 'BusinessParking': ""{'garage': None, 'street': True, 'validated': None, 'lot': False, 'valet': False}"", 'RestaurantsAttire': ""'casual'"", 'RestaurantsTakeOut': 'True', 'RestaurantsDelivery': 'False', 'RestaurantsPriceRange2': '1', 'RestaurantsReservations': 'True', 'RestaurantsTableService': 'True', 'RestaurantsGoodForGroups': 'False', 'BusinessAcceptsCreditCards': 'True'}","{'Friday': '7:0-22:30', 'Monday': '8:0-17:30', 'Sunday': '8:0-22:30', 'Tuesday': '7:0-17:0', 'Saturday': '8:0-17:0', 'Thursday': '7:0-22:30', 'Wednesday': '7:0-22:30'}"
hGSrC6THEItv-tsZ_s2VEw,The Haverstick,Indianapolis,IN,"Shared Office Spaces, Home Services, Coffee & Tea, Real Estate, Food",4.5,52,"{'WiFi': ""u'free'"", 'Caters': 'False', 'DriveThru': 'False', 'NoiseLevel': ""u'quiet'"", 'BikeParking': 'True', 'DogsAllowed': 'False', 'GoodForKids': 'True', 'OutdoorSeating': 'True', 'BusinessParking': ""{'garage': False, 'street': False, 'validated': False, 'lot': True, 'valet': False}"", 'ByAppointmentOnly': 'False', 'RestaurantsTakeOut': 'True', 'RestaurantsDelivery': 'False', 'WheelchairAccessible': 'True', 'BusinessAcceptsBitcoin': 'False', 'RestaurantsPriceRange2': '1', 'BusinessAcceptsCreditCards': 'True'}","{'Friday': '7:0-17:0', 'Monday': '0:0-0:0', 'Tuesday': '7:0-17:0', 'Thursday': '7:0-17:0', 'Wednesday': '7:0-17:0'}"
xhmgQtl9gooBJybCuXBZPA,Dunkin',Tampa,FL,"Food, Bagels, Coffee & Tea, Donuts",2.0,75,"{'WiFi': ""'free'"", 'Caters': 'False', 'DriveThru': 'None', 'BikeParking': 'True', 'DogsAllowed': 'False', 'OutdoorSeating': 'True', 'BusinessParking': ""{'garage': False, 'street': False, 'validated': False, 'lot': True, 'valet': False}"", 'ByAppointmentOnly': 'False', 'RestaurantsTakeOut': 'True', 'RestaurantsDelivery': 'None', 'RestaurantsPriceRange2': '1', 'BusinessAcceptsCreditCards': 'True'}","{'Friday': '0:0-0:0', 'Monday': '0:0-0:0', 'Sunday': '0:0-0:0', 'Tuesday': '0:0-0:0', 'Saturday': '0:0-0:0', 'Thursday': '0:0-0:0', 'Wednesday': '0:0-0:0'}"
RwVutdZEZMQn7qfnlWGL8g,Cafe Nura,Webster Groves,MO,"Coffee & Tea, Food",4.0,16,"{'WiFi': ""u'free'"", 'OutdoorSeating': 'True', 'BusinessParking': ""{'garage': False, 'street': False, 'validated': False, 'lot': True, 'valet': False}"", 'RestaurantsPriceRange2': '1', 'BusinessAcceptsCreditCards': 'True'}","{'Friday': '7:0-22:0', 'Monday': '7:0-21:0', 'Sunday': '8:0-16:0', 'Tuesday': '7:0-21:0', 'Saturday': '8:0-22:0', 'Thursday': '7:0-21:0', 'Wednesday': '7:0-21:0'}"
peXEcAZSMQZEdKJA5AgXXg,Rise'n Roll Bakery,Fishers,IN,"Donuts, Coffee & Tea, Restaurants, Delis, Food, Bakeries",4.5,121,"{'Caters': 'False', 'DogsAllowed': 'False', 'OutdoorSeating': 'False', 'BusinessParking': ""{u'valet': False, u'garage': None, u'street': None, u'lot': True, u'validated': None}"", 'RestaurantsTakeOut': 'True', 'RestaurantsDelivery': 'True', 'RestaurantsPriceRange2': '1', 'BusinessAcceptsCreditCards': 'True'}","{'Friday': '7:0-17:0', 'Monday': '7:0-17:0', 'Tuesday': '7:0-17:0', 'Saturday': '7:0-17:0', 'Thursday': '7:0-17:0', 'Wednesday': '7:0-17:0'}"
OjS4cZZxlyTvq6y9idmkjw,Caffiend,Edmonton,AB,"Cafes, Restaurants, Coffee & Tea, Food",5.0,15,"{'WiFi': ""u'free'"", 'NoiseLevel': ""u'average'"", 'DogsAllowed': 'False', 'BusinessParking': ""{'garage': False, 'street': True, 'validated': False, 'lot': True, 'valet': False}"", 'RestaurantsTakeOut': 'True', 'RestaurantsDelivery': 'True', 'RestaurantsPriceRange2': '2'}","{'Friday': '7:0-19:0', 'Monday': '7:0-19:0', 'Sunday': '8:0-18:0', 'Tuesday': '7:0-19:0', 'Saturday': '8:0-18:0', 'Thursday': '7:0-19:0', 'Wednesday': '7:0-19:0'}"
2AqEWqRbKhcY-30b9geCRQ,Dunkin',Philadelphia,PA,"Donuts, Food, Coffee & Tea, Restaurants, Breakfast & Brunch, Sandwiches",2.5,19,"{'WiFi': ""u'free'"", 'HasTV': 'False', 'Ambience': ""{'romantic': False, 'intimate': False, 'classy': False, 'hipster': False, 'divey': False, 'touristy': False, 'trendy': False, 'upscale': False, 'casual': False}"", 'DriveThru': 'None', 'BikeParking': 'True', 'GoodForKids': 'True', 'OutdoorSeating': 'False', 'BusinessParking': ""{'garage': False, 'street': None, 'validated': None, 'lot': False, 'valet': False}"", 'RestaurantsAttire': ""'casual'"", 'RestaurantsTakeOut': 'True', 'RestaurantsDelivery': 'True', 'RestaurantsPriceRange2': '1', 'RestaurantsReservations': 'False', 'RestaurantsGoodForGroups': 'False', 'BusinessAcceptsCreditCards': 'True'}","{'Friday': '5:0-21:0', 'Monday': '5:0-21:0', 'Sunday': '6:0-19:0', 'Tuesday': '5:0-21:0', 'Saturday': '6:0-19:0', 'Thursday': '5:0-21:0', 'Wednesday': '5:0-21:0'}"
f2A0fFtAuSnx9cSrazyzcQ,Buddy Brew Coffee,Tampa,FL,"Food, Coffee & Tea",3.5,13,"{'WiFi': ""'free'"", 'Caters': 'False', 'OutdoorSeating': 'True', 'BusinessParking': ""{'garage': None, 'street': False, 'validated': False, 'lot': False, 'valet': False}"", 'RestaurantsTakeOut': 'True', 'RestaurantsDelivery': 'True', 'RestaurantsPriceRange2': '2', 'BusinessAcceptsCreditCards': 'True'}","{'Friday': '4:30-21:0', 'Monday': '4:30-21:0', 'Sunday': '4:30-21:0', 'Tuesday': '4:30-21:0', 'Saturday': '4:30-21:0', 'Thursday': '4:30-21:0', 'Wednesday': '4:30-21:0'}"
vp_hPIvAcUJ7xjuWxYLZAg,Starbucks,Indianapolis,IN,"Fast Food, Restaurants, Food, Coffee & Tea, Sandwiches",4.0,32,"{'WiFi': ""'free'"", 'Caters': 'False', 'BikeParking': 'True', 'OutdoorSeating': 'True', 'BusinessParking': ""{'garage': False, 'street': False, 'validated': False, 'lot': True, 'valet': False}"", 'RestaurantsTakeOut': 'True', 'RestaurantsPriceRange2': '2', 'BusinessAcceptsCreditCards': 'True'}","{'Friday': '6:0-20:0', 'Monday': '6:0-20:0', 'Sunday': '6:0-20:0', 'Tuesday': '6:0-20:0', 'Saturday': '6:0-20:0', 'Thursday': '6:0-20:0', 'Wednesday': '6:0-20:0'}"
pbsxTKD_Yn1RIvjneNVfrQ,Toojay's,Tampa,FL,"Caterers, Restaurants, Breakfast & Brunch, Salad, Sandwiches, Event Planning & Services, Burgers, Coffee & Tea, Food, American (Traditional), Desserts, Delis",3.0,17,"{'WiFi': ""u'free'"", 'HasTV': 'True', 'Caters': 'True', 'Alcohol': ""u'beer_and_wine'"", 'Ambience': ""{'touristy': False, 'hipster': False, 'romantic': False, 'divey': False, 'intimate': False, 'trendy': False, 'upscale': False, 'classy': False, 'casual': False}"", 'DriveThru': 'False', 'NoiseLevel': ""u'average'"", 'BikeParking': 'True', 'GoodForKids': 'True', 'GoodForMeal': ""{'dessert': False, 'latenight': False, 'lunch': True, 'dinner': False, 'brunch': False, 'breakfast': True}"", 'OutdoorSeating': 'True', 'BusinessParking': ""{'garage': True, 'street': True, 'validated': False, 'lot': False, 'valet': False}"", 'RestaurantsAttire': ""u'casual'"", 'RestaurantsTakeOut': 'True', 'RestaurantsDelivery': 'True', 'RestaurantsPriceRange2': '2', 'RestaurantsReservations': 'True', 'RestaurantsTableService': 'True', 'RestaurantsGoodForGroups': 'True', 'BusinessAcceptsCreditCards': 'True'}","{'Friday': '8:0-15:0', 'Monday': '8:0-15:0', 'Tuesday': '8:0-15:0', 'Thursday': '8:0-15:0', 'Wednesday': '8:0-15:0'}"
